system,condition,verdict,occurrences,first_location,scope_judgement
Cardiovascular,Malignant hyperthermia,IN A TAUGHT SECTION,4,03a_Anaesthetics_Primer.md#Pre-Operative Assessment,
Cardiovascular,Heart Failure with Preserved Ejection Fraction,ACRONYM MATCH ONLY,8,generated-initialism match only - not evidence of coverage,
Cardiovascular,Peripheral artery aneurysm,IN A TAUGHT SECTION,1,01_Cardiovascular.md#0.35.9 Popliteal Artery Aneurysm,
Cardiovascular,Vascular claudication,ABSENT,0,weak-signal:claudication=15,
Cardiovascular,Aneurysmal degeneration,IN A TAUGHT SECTION,1,01_Cardiovascular.md#0.35.5 Aortic Dissection,
Cardiovascular,Blunt Myocardial Injury,ABSENT,0,weak-signal:Myocardial=16,
Cardiovascular,Brugada Syndrome,OWNS ENTRY,3,01_Cardiovascular.md#0.18 Brugada Syndrome,
Cardiovascular,Cardiovascular diseases,MENTIONED,1,,
Cardiovascular,Carotid-cavernous fistula,ABSENT,0,weak-signal:cavernous=5,
Cardiovascular,Coronary artery disease (CAD),IN A TAUGHT SECTION,9,01_Cardiovascular.md#0.3 Ischaemic Heart Disease,
Cardiovascular,Fusiform aneurysm,ABSENT,0,weak-signal:Fusiform=2,
Cardiovascular,Left Ventricular Noncompaction Cardiomyopathy,ABSENT,0,weak-signal:Cardiomyopathy=30,
Cardiovascular,Loeffler's Endocarditis,IN A TAUGHT SECTION,1,01_Cardiovascular.md#0.41 Restrictive Cardiomyopathy,
Cardiovascular,LV hypertrophy,IN A TAUGHT SECTION,3,01_Cardiovascular.md#0.23 Hypertrophic Obstructive Cardiomyopathy (HOCM/HCM),
Cardiovascular,Myocarditis,IN A TAUGHT SECTION,17,01_Cardiovascular.md#0.16 Long QT Syndrome,
Cardiovascular,Patent foramen ovale (PFO),IN A TAUGHT SECTION,1,15_06_Paeds_-_Cyanotic_CHD__Kawasaki_Disease__Murmurs.md#Ebstein's anomaly,
Cardiovascular,Reticular veins,MENTIONED,1,,
Cardiovascular,Right Bundle Branch Block,ACRONYM MATCH ONLY,9,generated-initialism match only - not evidence of coverage,
Cardiovascular,Saccular aneurysm,ABSENT,0,,
Cardiovascular,Second Degree AV Block,ABSENT,0,,
Cardiovascular,Sinus Arrest,ABSENT,0,,
Cardiovascular,Stable Angina,OWNS ENTRY,8,01_Cardiovascular.md#0.1.5 Mx – Chronic/long-term: unstable angina & secondary prevention (lifelong),
Cardiovascular,Tetralogy of Fallot,OWNS ENTRY,8,15_06_Paeds_-_Cyanotic_CHD__Kawasaki_Disease__Murmurs.md#Tetralogy of Fallot (ToF),
Cardiovascular,Valvular heart disease,OWNS ENTRY,4,01_Cardiovascular.md#0.21 Valvular Heart Disease,
Cardiovascular,Valvular incompetence,IN A TAUGHT SECTION,1,01_Cardiovascular.md#0.30 Infective Endocarditis,
Cardiovascular,Aortic stenosis,IN A TAUGHT SECTION,19,01_Cardiovascular.md#0.23 Hypertrophic Obstructive Cardiomyopathy (HOCM/HCM),
Cardiovascular,Aortic Tear,ABSENT,0,,
Cardiovascular,Macrocystic lymphatic malformation,MENTIONED,1,,
Cardiovascular,Microcystic lymphatic malformation,ABSENT,0,weak-signal:malformation=38,
Cardiovascular,Vascular occlusion,ABSENT,0,weak-signal:occlusion=36,
Cardiovascular,Venous stasis edema,ABSENT,0,,
Cardiovascular,Abdominal Aortic Aneurysm (AAA),IN A TAUGHT SECTION,18,01_Cardiovascular.md#0.35.4 Aortic Aneurysm,
Cardiovascular,Aortic dissection,OWNS ENTRY,14,01_Cardiovascular.md#0.35.5 Aortic Dissection,
Cardiovascular,Double aortic arch,ABSENT,0,,
Cardiovascular,Hemangioma,OWNS ENTRY,5,15_23b_Paeds_-_Minor_Neonatal_Problems.md#Infantile haemangioma (strawberry naevus),
Cardiovascular,LV aneurysm,MENTIONED,1,,
Cardiovascular,Obstructive Shock,OWNS ENTRY,0,01_Cardiovascular.md#0.20.4 Obstructive shock,
Cardiovascular,Peripheral vascular disease (PVD),IN A TAUGHT SECTION,11,05_Ophthalmology.md#Retinal Detachment,
Cardiovascular,Superior vena cava syndrome,ACRONYM MATCH ONLY,11,generated-initialism match only - not evidence of coverage,
Cardiovascular,Supraventricular Tachycardia,OWNS ENTRY,0,01_Cardiovascular.md#0.9.1 Supraventricular tachycardia (SVT),
Cardiovascular,Takayasu's arteritis,OWNS ENTRY,1,12_04_Rheum_-_Vasculitis.md#Takayasu's arteritis,
Cardiovascular,Third Degree AV Block,MENTIONED,1,,
Cardiovascular,Deep vein thrombosis (DVT),OWNS ENTRY,49,01_Cardiovascular.md#0.28 Deep Vein Thrombosis (DVT),
Cardiovascular,Hemodynamic shock,ABSENT,0,weak-signal:Hemodynamic=33,
Cardiovascular,Hypertension (HTN),OWNS ENTRY,211,01_Cardiovascular.md#0.2 Hypertension,
Cardiovascular,Lymphedema tarda,ABSENT,0,weak-signal:Lymphedema=5,
Cardiovascular,Unstable Angina,OWNS ENTRY,4,01_Cardiovascular.md#0.1.5 Mx – Chronic/long-term: unstable angina & secondary prevention (lifelong),
Cardiovascular,Varicose veins,OWNS ENTRY,9,01_Cardiovascular.md#0.35.6 Varicose Veins,
Cardiovascular,Venous Thromboembolism,OWNS ENTRY,0,10_06b_Haemonc_-_Thrombophilia__APS__Thrombocytosis__Methaemoglobinaemia.md#Postpartum venous thromboembolism (VTE),
Cardiovascular,Fibromuscular dysplasia,ABSENT,0,,
Cardiovascular,Long QT Syndrome,OWNS ENTRY,2,01_Cardiovascular.md#0.16 Long QT Syndrome,
Cardiovascular,Mitral Stenosis,IN A TAUGHT SECTION,12,01_Cardiovascular.md#0.22a Rheumatic Heart Disease (RHD),
Cardiovascular,Patent ductus arteriosus,OWNS ENTRY,4,15_05_Paeds_-_Acyanotic_Congenital_Heart_Disease.md#Patent ductus arteriosus (PDA),
Cardiovascular,Pseudoaneurysm,ABSENT,0,,
Cardiovascular,Superficial thrombophlebitis,IN A TAUGHT SECTION,2,01_Cardiovascular.md#0.35.6 Varicose Veins,
Cardiovascular,Graft thrombosis,ABSENT,0,weak-signal:thrombosis=43,
Cardiovascular,Heart Failure with Reduced Ejection Fraction,ACRONYM MATCH ONLY,18,generated-initialism match only - not evidence of coverage,
Cardiovascular,Ventricular Fibrillation,OWNS ENTRY,2,01_Cardiovascular.md#0.6 Ventricular Fibrillation,
Cardiovascular,CVD events,IN A TAUGHT SECTION,1,01_Cardiovascular.md#0.39 Dyslipidaemia,
Cardiovascular,First Degree AV Block,ABSENT,0,,
Cardiovascular,Mesenteric Ischemia,IN A TAUGHT SECTION,4,03_Gastrointestinal.md#Ischaemic Bowel Disease,
Cardiovascular,Orthostatic hypotension,IN A TAUGHT SECTION,13,04_Neurology.md#Syncope,
Cardiovascular,Pericardial Effusion,IN A TAUGHT SECTION,6,01_Cardiovascular.md#0.31 Pericarditis,
Cardiovascular,Popliteal entrapment syndrome,ABSENT,0,weak-signal:entrapment=2,
Cardiovascular,Post-thrombotic syndrome,IN A TAUGHT SECTION,1,01_Cardiovascular.md#0.28 Deep Vein Thrombosis (DVT),
Cardiovascular,Pre-Excitation Syndromes,ABSENT,0,weak-signal:Excitation=6,
Cardiovascular,Stent fracture,ABSENT,0,weak-signal:fracture=300,
Cardiovascular,Sudden Cardiac Death,IN A TAUGHT SECTION,9,01_Cardiovascular.md#0.17 Short QT Syndrome,
Cardiovascular,Myocardial Infarction (MI),IN A TAUGHT SECTION,3,01_Cardiovascular.md#0.1 Acute Coronary Syndrome (ACS),
Cardiovascular,Pulmonary Regurgitation,MENTIONED,1,,
Cardiovascular,Restrictive Cardiomyopathy,OWNS ENTRY,6,01_Cardiovascular.md#0.41 Restrictive Cardiomyopathy,
Cardiovascular,Carotid stenosis,IN A TAUGHT SECTION,2,04_Neurology.md#Transient Ischaemic Attack (TIA),
Cardiovascular,Cystic medial necrosis,ABSENT,0,weak-signal:necrosis=51,
Cardiovascular,Left Bundle Branch Block,ACRONYM MATCH ONLY,7,generated-initialism match only - not evidence of coverage,
Cardiovascular,Penetrating Aortic Ulcer,ABSENT,0,weak-signal:Penetrating=4,
Cardiovascular,Papillary Fibroelastoma,ABSENT,0,,
Cardiovascular,Splenic artery aneurysm,ABSENT,0,weak-signal:aneurysm=54,
Cardiovascular,Thoracic Aortic Aneurysm (TAA),ABSENT,0,weak-signal:Thoracic=25,
Cardiovascular,Mycotic aneurysm,IN A TAUGHT SECTION,1,01_Cardiovascular.md#0.30 Infective Endocarditis,
Cardiovascular,Pericarditis,OWNS ENTRY,25,01_Cardiovascular.md#0.31 Pericarditis,
Cardiovascular,Subclavian Steal Syndrome,MENTIONED,1,,
Cardiovascular,Tricuspid Stenosis,ABSENT,0,weak-signal:Tricuspid=12,
Cardiovascular,Cardiac Arrest,IN A TAUGHT SECTION,16,01_Cardiovascular.md#0.16 Long QT Syndrome,
Cardiovascular,Arterial insufficiency,IN A TAUGHT SECTION,5,06_Metabolic_Medicine_and_Endocrinology.md#Diabetic Foot,
Cardiovascular,Buerger's disease (Thromboangiitis Obliterans),ABSENT,0,,
Cardiovascular,Cardiogenic Shock,OWNS ENTRY,6,01_Cardiovascular.md#0.20.1 Cardiogenic shock,
Cardiovascular,Leriche Syndrome,OWNS ENTRY,0,01_Cardiovascular.md#0.35.3 Leriche Syndrome,
Cardiovascular,Sinus Bradycardia,MENTIONED,1,,
Cardiovascular,Acute Aortoiliac Occlusion,ABSENT,0,weak-signal:Aortoiliac=2,
Cardiovascular,Acute Coronary Syndromes,OWNS ENTRY,4,01_Cardiovascular.md#0.1 Acute Coronary Syndrome (ACS),
Cardiovascular,Acute Decompensated Heart Failure,ABSENT,0,weak-signal:Decompensated=14,
Cardiovascular,Acute limb ischemia (ALI),IN A TAUGHT SECTION,5,01_Cardiovascular.md#0.35.1 Peripheral Arterial Disease (PAD),
Cardiovascular,Aortic Regurgitation,IN A TAUGHT SECTION,12,01_Cardiovascular.md#0.35.5 Aortic Dissection,
Cardiovascular,Arrhythmias,IN A TAUGHT SECTION,69,01_Cardiovascular.md#0.1 Acute Coronary Syndrome (ACS),
Cardiovascular,Arterial Disease,OWNS ENTRY,17,01_Cardiovascular.md#0.35.1 Peripheral Arterial Disease (PAD),
Cardiovascular,Arterial thrombosis,IN A TAUGHT SECTION,3,06_Metabolic_Medicine_and_Endocrinology.md#Hyperosmolar Hyperglycaemic State (HHS),
Cardiovascular,Arterial ulcer,IN A TAUGHT SECTION,1,Examination.md#Leg and Skin Ulcers — Differential and Approach,
Cardiovascular,Arteriovenous fistulae,ABSENT,0,weak-signal:Arteriovenous=4,
Cardiovascular,Arteriovenous Malformations,IN A TAUGHT SECTION,1,17_02_Menorrhagia__PMS__Menopause__HRT.md#Abnormal Uterine Bleeding — Approach and DDx,
Cardiovascular,Atheroembolism,ABSENT,0,,
Cardiovascular,Atherosclerosis,IN A TAUGHT SECTION,9,01_Cardiovascular.md#0.1 Acute Coronary Syndrome (ACS),
Cardiovascular,Atrial Fibrillation,OWNS ENTRY,5,01_Cardiovascular.md#0.4 Atrial Fibrillation,
Cardiovascular,Atrial Flutter,OWNS ENTRY,3,01_Cardiovascular.md#0.19 Atrial Flutter,
Cardiovascular,Atrial septal defect,OWNS ENTRY,2,15_05_Paeds_-_Acyanotic_Congenital_Heart_Disease.md#Atrial septal defect (ASD),
Cardiovascular,Bicuspid aortic valves,IN A TAUGHT SECTION,5,01_Cardiovascular.md#0.35.5 Aortic Dissection,
Cardiovascular,Bradyarrhythmias,IN A TAUGHT SECTION,4,01_Cardiovascular.md#0.8 Bradycardia: Peri-arrest,
Cardiovascular,Cardiac embolism,ABSENT,0,weak-signal:embolism=13,
Cardiovascular,Cardiac Infections,ABSENT,0,weak-signal:Infections=134,
Cardiovascular,Cardiac Tamponade,OWNS ENTRY,12,01_Cardiovascular.md#0.33 Cardiac Tamponade,
Cardiovascular,Cardiovascular toxicity,ABSENT,0,weak-signal:Cardiovascular=176,
Cardiovascular,Carotid artery dissection,IN A TAUGHT SECTION,2,04_Neurology.md#Horner's Syndrome,
Cardiovascular,Cavernous Malformations,ABSENT,0,weak-signal:Malformations=19,
Cardiovascular,Chronic limb threatening ischemia (CLTI),ABSENT,0,weak-signal:threatening=65,
Cardiovascular,Chronic thromboembolic pulmonary hypertension,IN A TAUGHT SECTION,2,01_Cardiovascular.md#0.29 Pulmonary Embolism (PE),
Cardiovascular,Coarctation of aorta,OWNS ENTRY,9,01_Cardiovascular.md#0.37 Congenital Heart Disease (incl. Coarctation of the Aorta),
Cardiovascular,Congenital heart block,MENTIONED,2,,
Cardiovascular,Congenital heart disease,OWNS ENTRY,18,01_Cardiovascular.md#0.37 Congenital Heart Disease (incl. Coarctation of the Aorta),
Cardiovascular,Constrictive Pericarditis,OWNS ENTRY,6,01_Cardiovascular.md#0.32 Constrictive Pericarditis,
Cardiovascular,Coronary Vasospasm,ABSENT,0,weak-signal:Vasospasm=5,
Cardiovascular,Dilated Cardiomyopathy,OWNS ENTRY,5,01_Cardiovascular.md#0.25 Dilated Cardiomyopathy,
Cardiovascular,Distributive Shock,OWNS ENTRY,0,01_Cardiovascular.md#0.20.3 Distributive shock,
Cardiovascular,Dressler's syndrome,IN A TAUGHT SECTION,3,01_Cardiovascular.md#0.31 Pericarditis,
Cardiovascular,Eisenmenger syndrome,OWNS ENTRY,2,15_05_Paeds_-_Acyanotic_Congenital_Heart_Disease.md#Eisenmenger's syndrome,
Cardiovascular,Heart disease,OWNS ENTRY,63,01_Cardiovascular.md#0.3 Ischaemic Heart Disease,
Cardiovascular,High-Output Heart Failure,OWNS ENTRY,0,01_Cardiovascular.md#0.27.2 High output heart failure,
Cardiovascular,Hypertensive Emergency,IN A TAUGHT SECTION,4,05_Ophthalmology.md#Hypertensive Retinopathy,
Cardiovascular,Hypertensive Urgency,MENTIONED,1,,
Cardiovascular,Hypertrophic Cardiomyopathy,IN A TAUGHT SECTION,1,04_Neurology.md#Friedreich's Ataxia,
Cardiovascular,Hypovolemic Shock,OWNS ENTRY,8,01_Cardiovascular.md#0.20.2 Hypovolaemic shock,
Cardiovascular,Idiopathic pulmonary arterial hypertension,ABSENT,0,weak-signal:hypertension=129,
Cardiovascular,Infarction,IN A TAUGHT SECTION,26,01_Cardiovascular.md#0.1 Acute Coronary Syndrome (ACS),
Cardiovascular,Infective endocarditis (IE),OWNS ENTRY,13,01_Cardiovascular.md#0.30 Infective Endocarditis,
Cardiovascular,Innominate artery compression,ABSENT,0,weak-signal:compression=118,
Cardiovascular,Left pulmonary artery sling,ABSENT,0,weak-signal:pulmonary=135,
Cardiovascular,Lymphedema praecox,ABSENT,0,weak-signal:Lymphedema=5,
Cardiovascular,Malignant hypertension,IN A TAUGHT SECTION,5,05_Ophthalmology.md#Papilloedema,
Cardiovascular,Mitral Regurgitation,IN A TAUGHT SECTION,7,01_Cardiovascular.md#0.22a Rheumatic Heart Disease (RHD),
Cardiovascular,Mitral Valve Prolapse,IN A TAUGHT SECTION,3,07_Renal_Medicine_and_Urology.md#Polycystic Kidney Disease (PKD),
Cardiovascular,Multifocal Atrial Tachycardia,ABSENT,0,weak-signal:Tachycardia=44,
Cardiovascular,Myxoma,MENTIONED,1,,
Cardiovascular,NSTEMI,OWNS ENTRY,4,01_Cardiovascular.md#0.1.4 Mx – Definitive (NSTEMI),
Cardiovascular,Paradoxical embolism,ABSENT,0,weak-signal:Paradoxical=19,
Cardiovascular,Pericardial Disease,IN A TAUGHT SECTION,1,01_Cardiovascular.md#0.41 Restrictive Cardiomyopathy,
Cardiovascular,Peripartum Cardiomyopathy,ABSENT,0,weak-signal:Cardiomyopathy=30,
Cardiovascular,Peripheral arterial disease (PAD),OWNS ENTRY,39,01_Cardiovascular.md#0.35.1 Peripheral Arterial Disease (PAD),
Cardiovascular,Phlegmasia alba dolens,ABSENT,0,,
Cardiovascular,Phlegmasia cerula dolens,ABSENT,0,,
Cardiovascular,Pulmonary stenosis,IN A TAUGHT SECTION,3,15_06_Paeds_-_Cyanotic_CHD__Kawasaki_Disease__Murmurs.md#Tetralogy of Fallot (ToF),
Cardiovascular,Raynaud's,IN A TAUGHT SECTION,7,10_02_Haemonc_-_Lymphomas_and_Multiple_Myeloma.md#0.3.1 Other plasma cell disorders,
Cardiovascular,Rheumatic valve disease,ABSENT,0,weak-signal:Rheumatic=41,
Cardiovascular,Sinoatrial Block,ABSENT,0,,
Cardiovascular,Sinus Tachycardia,IN A TAUGHT SECTION,6,01_Cardiovascular.md#0.29 Pulmonary Embolism (PE),
Cardiovascular,STEMI,OWNS ENTRY,19,01_Cardiovascular.md#0.1.3 Mx – Definitive (STEMI),
Cardiovascular,Syndrome X,MENTIONED,2,,
Cardiovascular,Thromboembolism,OWNS ENTRY,6,10_06b_Haemonc_-_Thrombophilia__APS__Thrombocytosis__Methaemoglobinaemia.md#Postpartum Infection and Thromboembolism,
Cardiovascular,Torsades de Pointes,IN A TAUGHT SECTION,4,01_Cardiovascular.md#0.7 Ventricular Tachycardia,
Cardiovascular,Transfusion-associated circulatory overload,MENTIONED,1,,
Cardiovascular,Tricuspid Regurgitation,IN A TAUGHT SECTION,3,01_Cardiovascular.md#0.36 Pulmonary Hypertension,
Cardiovascular,Vascular ring,MENTIONED,1,,
Cardiovascular,Vasovagal syncope,MENTIONED,2,,
Cardiovascular,Venous claudication,ABSENT,0,weak-signal:claudication=15,
Cardiovascular,Venous Disease,ABSENT,0,,
Cardiovascular,Venous hypertension,ABSENT,0,weak-signal:hypertension=129,
Cardiovascular,Venous insufficiency,OWNS ENTRY,5,01_Cardiovascular.md#0.35.7 Chronic Venous Insufficiency — skin changes,
Cardiovascular,Venous ulcer,IN A TAUGHT SECTION,5,Examination.md#Leg and Skin Ulcers — Differential and Approach,
Cardiovascular,Ventricular septal defect,OWNS ENTRY,1,15_05_Paeds_-_Acyanotic_Congenital_Heart_Disease.md#Ventricular septal defect (VSD),
Cardiovascular,Ventricular Tachycardia,OWNS ENTRY,0,01_Cardiovascular.md#0.7 Ventricular Tachycardia,
Cardiovascular,Wolff-Parkinson-White Syndrome,ACRONYM MATCH ONLY,7,generated-initialism match only - not evidence of coverage,
Cardiovascular,Takotsubo Cardiomyopathy (Stress Cardiomyopathy),OWNS ENTRY,3,01_Cardiovascular.md#0.26 Takotsubo Cardiomyopathy,
Cardiovascular,Cor Pulmonale,OWNS ENTRY,10,01_Cardiovascular.md#0.27.3 Cor pulmonale,
Neurology,Korsakoff's Syndrome,IN A TAUGHT SECTION,3,04_Neurology.md#Wernicke's Encephalopathy,
Neurology,Wernicke-Korsakoff syndrome,MENTIONED,1,,
Neurology,Wernicke's Encephalopathy,OWNS ENTRY,4,04_Neurology.md#Wernicke's Encephalopathy,
Neurology,Acute disseminated encephalomyelitis,IN A TAUGHT SECTION,1,15_02_Paeds_-_Ill_and_Feverish_Child__Meningitis__Encephalitis.md#Encephalitis,
Neurology,Chronic inflammatory demyelinating polyneuropathy,OWNS ENTRY,2,04_Neurology.md#Chronic Inflammatory Demyelinating (Poly)Neuropathy (CIDP),
Neurology,Edrophonium test,ABSENT,0,,
Neurology,Guillain-Barre syndrome,OWNS ENTRY,11,04_Neurology.md#Guillain-Barré Syndrome (GBS),
Neurology,Internuclear ophthalmoplegia,IN A TAUGHT SECTION,1,04_Neurology.md#Multiple Sclerosis (MS),
Neurology,Lambert-Eaton myasthenic syndrome,ABSENT,0,weak-signal:myasthenic=7,
Neurology,Multiple Sclerosis (MS),OWNS ENTRY,18,04_Neurology.md#Multiple Sclerosis (MS),
Neurology,Myasthenia gravis,OWNS ENTRY,11,04_Neurology.md#Myasthenia Gravis (MG),
Neurology,Neuromyelitis optica,OWNS ENTRY,0,04_Neurology.md#Neuromyelitis Optica (Devic Disease),
Neurology,Neurosarcoidosis,ABSENT,0,,
Neurology,Sydenham's chorea,IN A TAUGHT SECTION,2,01_Cardiovascular.md#0.22 Rheumatic Fever,
Neurology,Tumefactive MS,ABSENT,0,,
Neurology,Chronic non-cancer pain,ABSENT,0,,
Neurology,Chronic Pain,IN A TAUGHT SECTION,7,04_Neurology.md#Trigeminal Neuralgia,
Neurology,Anencephaly,OWNS ENTRY,1,15_13a_Paeds_-_Neural_Tube_Defects.md#Anencephaly,
Neurology,Arachnoid cyst,ABSENT,0,weak-signal:Arachnoid=4,
Neurology,Cerebral Palsy,OWNS ENTRY,8,15_19b_Paeds_-_Cerebral_Palsy_and_Muscular_Dystrophies.md#Cerebral palsy,
Neurology,Chiari Malformations,IN A TAUGHT SECTION,4,04_Neurology.md#Hydrocephalus,
Neurology,Colloid cyst,MENTIONED,1,,
Neurology,Dandy-Walker Malformation,IN A TAUGHT SECTION,1,04_Neurology.md#Hydrocephalus,
Neurology,Encephalocele,OWNS ENTRY,1,15_13a_Paeds_-_Neural_Tube_Defects.md#Encephalocele,
Neurology,Holoprosencephaly,MENTIONED,1,,
Neurology,Hydrocephalus,OWNS ENTRY,32,04_Neurology.md#Normal Pressure Hydrocephalus,
Neurology,Meningocele,OWNS ENTRY,1,15_13a_Paeds_-_Neural_Tube_Defects.md#Meningocele,
Neurology,Microcephaly,IN A TAUGHT SECTION,11,15_17b_Paeds_-_Glycogen_Storage_Disorders__PKU__Lysosomal_Storage_Diseases.md#Phenylketonuria (PKU),
Neurology,Myelomeningocele,OWNS ENTRY,0,15_13a_Paeds_-_Neural_Tube_Defects.md#Myelomeningocele,
Neurology,Neural tube defects,OWNS ENTRY,8,15_13a_Paeds_-_Neural_Tube_Defects.md#Neural tube defects — overview,
Neurology,Spina Bifida,OWNS ENTRY,4,15_13a_Paeds_-_Neural_Tube_Defects.md#Spina bifida occulta,
Neurology,Spina Bifida Occulta,OWNS ENTRY,0,15_13a_Paeds_-_Neural_Tube_Defects.md#Spina bifida occulta,
Neurology,Spinal Dysraphism,MENTIONED,2,,
Neurology,Sturge-Weber syndrome,ABSENT,0,,
Neurology,Syrinx (Syringomyelia),OWNS ENTRY,4,04_Neurology.md#Syringomyelia,
Neurology,Tethered cord,MENTIONED,1,,
Neurology,Vein of Galen aneurysm,ABSENT,0,weak-signal:aneurysm=54,
Neurology,Venous angioma,ABSENT,0,,
Neurology,Alzheimer's Disease,OWNS ENTRY,4,04_Neurology.md#Alzheimer's Disease (AD),
Neurology,Amyotrophic Lateral Sclerosis (ALS),OWNS ENTRY,15,04_Neurology.md#Amyotrophic Lateral Sclerosis (ALS),
Neurology,Cauda equina syndrome,OWNS ENTRY,21,04_Neurology.md#Cauda Equina Syndrome,
Neurology,Cerebral amyloid angiopathy,IN A TAUGHT SECTION,1,04_Neurology.md#Haemorrhagic Stroke,
Neurology,Constructional apraxia,ABSENT,0,,
Neurology,Creutzfeldt-Jakob disease,MENTIONED,1,,
Neurology,Degenerative Cervical Myelopathy,OWNS ENTRY,0,11_06_Ortho_-_Spinal_Orthopaedics.md#Degenerative cervical myelopathy,
Neurology,Dementia with Lewy bodies,ABSENT,0,weak-signal:Dementia=91,
Neurology,Frontotemporal dementia,IN A TAUGHT SECTION,3,04_Neurology.md#Amyotrophic Lateral Sclerosis (ALS),
Neurology,Ideational apraxia,ABSENT,0,,
Neurology,Ideomotor apraxia,ABSENT,0,,
Neurology,Major Neurocognitive Disorder (Dementia),OWNS ENTRY,91,04_Neurology.md#Dementias,
Neurology,Multiple system atrophy,MENTIONED,1,,
Neurology,Parkinson's Disease,OWNS ENTRY,12,04_Neurology.md#Parkinson's Disease (PD),
Neurology,Parkinsonism,IN A TAUGHT SECTION,10,03_Gastrointestinal.md#Wilson's Disease,
Neurology,Primary lateral sclerosis,MENTIONED,1,,
Neurology,Progressive bulbar palsy,MENTIONED,1,,
Neurology,Radiculopathies,IN A TAUGHT SECTION,7,04_Neurology.md#Diabetic Neuropathy,
Neurology,Sciatica,IN A TAUGHT SECTION,3,04_Neurology.md#Cauda Equina Syndrome,
Neurology,Acute Dystonia / Akathisia / Parkinsonism,IN A TAUGHT SECTION,13,03_Gastrointestinal.md#Wilson's Disease,
Neurology,Cervical radiculopathy,MENTIONED,1,,
Neurology,Neuroleptic Malignant Syndrome (NMS),OWNS ENTRY,11,04_Neurology.md#Serotonin Syndrome and Neuroleptic Malignant Syndrome (NMS),
Neurology,Absence seizure,OWNS ENTRY,1,15_12a_Paeds_-_Epilepsy_Syndromes_and_Status_Epilepticus.md#Absence seizures,
Neurology,Bell's palsy,OWNS ENTRY,21,04_Neurology.md#Bell's Palsy,
Neurology,Central Sleep Apnea (CSA),ABSENT,0,,
Neurology,Cluster headache,OWNS ENTRY,5,04_Neurology.md#Cluster Headache,
Neurology,CN VII palsy,IN A TAUGHT SECTION,6,04_Neurology.md#Bell's Palsy,
Neurology,Cranial nerve palsy,IN A TAUGHT SECTION,2,04_Neurology.md#Brain Abscess,
Neurology,Dystonia,IN A TAUGHT SECTION,13,05_Ophthalmology.md#Blepharospasm,
Neurology,Epilepsy,OWNS ENTRY,43,04_Neurology.md#Seizures and Epilepsy,
Neurology,Essential tremor,MENTIONED,2,,
Neurology,Glossopharyngeal neuralgia,ABSENT,0,weak-signal:Glossopharyngeal=2,
Neurology,Idiopathic Intracranial Hypertension,OWNS ENTRY,9,04_Neurology.md#Idiopathic Intracranial Hypertension (Pseudotumour Cerebri),
Neurology,Migraine,OWNS ENTRY,27,04_Neurology.md#Migraine,
Neurology,Migraine with aura,IN A TAUGHT SECTION,2,04_Neurology.md#Migraine,
Neurology,Migrainous vertigo,ABSENT,0,,
Neurology,Movement Disorders,OWNS ENTRY,5,04_Neurology.md#Movement Disorders,
Neurology,Narcolepsy,MENTIONED,1,,
Neurology,Neurological disorders,OWNS ENTRY,6,14_05c_Psych_-_Unexplained_Symptoms__Somatoform__Dissociative__Factitious_Disorders_.md#Conversion disorder (functional neurological disorder),
Neurology,Neurologically Determined Death,ABSENT,0,,
Neurology,Neuromuscular disease,ABSENT,0,weak-signal:Neuromuscular=20,
Neurology,Neuropathy,OWNS ENTRY,69,04_Neurology.md#Diabetic Neuropathy,
Neurology,Neurospinal disease,ABSENT,0,,
Neurology,Normal Pressure Hydrocephalus,OWNS ENTRY,4,04_Neurology.md#Normal Pressure Hydrocephalus,
Neurology,Parasomnias,ABSENT,0,,
Neurology,Periodic limb movement disorder,IN A TAUGHT SECTION,1,14_05b_Psych_-_Insomnia.md#Insomnia,
Neurology,Peripheral neuropathy,IN A TAUGHT SECTION,22,03_Gastrointestinal.md#Malabsorption,
Neurology,Persistent Vegetative State,ABSENT,0,weak-signal:Persistent=132,
Neurology,Rapid Eye Movement Sleep Behaviour Disorder,ABSENT,0,weak-signal:Behaviour=146,
Neurology,Reflex sympathetic dystrophy,ABSENT,0,weak-signal:sympathetic=19,
Neurology,Restless Leg Syndrome,OWNS ENTRY,1,04_Neurology.md#Restless Legs Syndrome,
Neurology,Seizure,OWNS ENTRY,189,04_Neurology.md#Seizures and Epilepsy,
Neurology,Spinal cord pathology,IN A TAUGHT SECTION,2,04_Neurology.md#Horner's Syndrome,
Neurology,Spontaneous Intracranial Hypotension,ABSENT,0,weak-signal:Intracranial=43,
Neurology,Status Epilepticus,OWNS ENTRY,9,04_Neurology.md#Status Epilepticus,
Neurology,Tension Headache,OWNS ENTRY,2,04_Neurology.md#Tension Headache,
Neurology,Todd's Paresis,MENTIONED,1,,
Neurology,Tonic-clonic seizure,OWNS ENTRY,4,04_Neurology.md#Generalised Tonic-Clonic Seizures (GTCS),
Neurology,Trigeminal neuralgia,OWNS ENTRY,3,04_Neurology.md#Trigeminal Neuralgia,
Neurology,Vasogenic edema,MENTIONED,2,,
Neurology,Vestibular Disease,ABSENT,0,weak-signal:Vestibular=47,
Neurology,Cerebrospinal Fluid Fistulas,ABSENT,0,,
Neurology,Bovine spongiform encephalopathy (BSE),ABSENT,0,weak-signal:encephalopathy=37,
Neurology,Cavernous sinus thrombosis,IN A TAUGHT SECTION,2,05_Ophthalmology.md#Orbital and Peri-Orbital Cellulitis,
Neurology,Cerebellar abscess,ABSENT,0,weak-signal:Cerebellar=31,
Neurology,Cerebral Abscess,MENTIONED,1,,
Neurology,Encephalitis,OWNS ENTRY,51,04_Neurology.md#Encephalitis,
Neurology,Lyme meningitis,ABSENT,0,weak-signal:meningitis=68,
Neurology,Meningitis,OWNS ENTRY,68,04_Neurology.md#Bacterial Meningitis,
Neurology,Post-polio syndrome,ABSENT,0,,
Neurology,Postherpetic neuralgia,IN A TAUGHT SECTION,6,05_Ophthalmology.md#Ophthalmic Shingles,
Neurology,Prion Disease,ABSENT,0,,
Neurology,Progressive multifocal leukoencephalopathy,OWNS ENTRY,1,04_Neurology.md#Progressive Multifocal Leukoencephalopathy (PML),
Neurology,Subdural empyema,ABSENT,0,weak-signal:Subdural=8,
Neurology,Tabes dorsalis,OWNS ENTRY,5,04_Neurology.md#Tabes Dorsalis,
Neurology,Variant Creutzfeldt-Jakob disease,ABSENT,0,weak-signal:Creutzfeldt=1,
Neurology,Vestibular Neuronitis,OWNS ENTRY,10,13_03_ENT_-_Deafness_and_Vertigo_Conditions.md#Vestibular neuronitis,
Neurology,Acetylcholinesterase deficiency,ABSENT,0,weak-signal:Acetylcholinesterase=1,
Neurology,Alpers syndrome,ABSENT,0,,
Neurology,Batten disease,ABSENT,0,,
Neurology,Friedreich's Ataxia,OWNS ENTRY,3,04_Neurology.md#Friedreich's Ataxia,
Neurology,Huntington disease,OWNS ENTRY,2,04_Neurology.md#Huntington Disease,
Neurology,Kennedy disease,ABSENT,0,,
Neurology,Krabbe disease,ABSENT,0,,
Neurology,Leukodystrophies,ABSENT,0,,
Neurology,Spinal muscular atrophy,IN A TAUGHT SECTION,2,15_23a_Paeds_-_NEC__Neonatal_Hypoglycaemia__Hypotonia.md#Neonatal hypotonia,
Neurology,Spinocerebellar ataxia,ABSENT,0,weak-signal:Spinocerebellar=2,
Neurology,Central pontine myelinolysis,IN A TAUGHT SECTION,3,06_Metabolic_Medicine_and_Endocrinology.md#SIADH (Syndrome of Inappropriate Antidiuretic Hormone),
Neurology,Cerebral edema,IN A TAUGHT SECTION,20,04_Neurology.md#Bacterial Meningitis,
Neurology,Cerebral salt wasting,IN A TAUGHT SECTION,1,06_Metabolic_Medicine_and_Endocrinology.md#SIADH (Syndrome of Inappropriate Antidiuretic Hormone),
Neurology,Diabetic amyotrophy,IN A TAUGHT SECTION,2,04_Neurology.md#Diabetic Neuropathy,
Neurology,Encephalopathy,OWNS ENTRY,39,03_Gastrointestinal.md#Hepatic encephalopathy,
Neurology,Manganese madness,ABSENT,0,,
Neurology,Osmotic demyelination syndrome,IN A TAUGHT SECTION,2,06_Metabolic_Medicine_and_Endocrinology.md#SIADH (Syndrome of Inappropriate Antidiuretic Hormone),
Neurology,Subacute Combined Degeneration,OWNS ENTRY,7,04_Neurology.md#Subacute Combined Degeneration of the Spinal Cord,
Neurology,Astroblastoma,ABSENT,0,,
Neurology,Central neurocytoma,ABSENT,0,,
Neurology,Cerebellopontine angle tumours,IN A TAUGHT SECTION,2,13_03_ENT_-_Deafness_and_Vertigo_Conditions.md#Vestibular schwannoma (acoustic neuroma),
Neurology,Choroid plexus carcinoma,ABSENT,0,,
Neurology,Choroid plexus papilloma,ABSENT,0,weak-signal:papilloma=3,
Neurology,CNS Tumours,IN A TAUGHT SECTION,4,10_11b_Oncology_-_Genetic_Cancer_Predisposition_Syndromes.md#Von Hippel-Lindau disease,
Neurology,Craniopharyngioma,IN A TAUGHT SECTION,4,06_Metabolic_Medicine_and_Endocrinology.md#Diabetes Insipidus (DI),
Neurology,Dorsal midbrain syndrome,ABSENT,0,weak-signal:midbrain=4,
Neurology,Ganglioglioma,ABSENT,0,,
Neurology,Horner's syndrome,OWNS ENTRY,15,04_Neurology.md#Horner's Syndrome,
Neurology,Meningioma,IN A TAUGHT SECTION,6,04_Neurology.md#Neurofibromatosis,
Neurology,Neuroma,OWNS ENTRY,2,13_03_ENT_-_Deafness_and_Vertigo_Conditions.md#Vestibular schwannoma (acoustic neuroma),
Neurology,Paraneoplastic limbic encephalitis,ABSENT,0,weak-signal:Paraneoplastic=12,
Neurology,Pilocytic astrocytoma,MENTIONED,1,,
Neurology,Pleomorphic xanthoastrocytoma,ABSENT,0,,
Neurology,Posterior fossa tumours,ABSENT,0,weak-signal:Posterior=98,
Neurology,Schwannoma,OWNS ENTRY,11,13_03_ENT_-_Deafness_and_Vertigo_Conditions.md#Vestibular schwannoma (acoustic neuroma),
Neurology,Subependymal giant cell astrocytoma,ABSENT,0,,
Neurology,Subependymoma,ABSENT,0,,
Neurology,Vestibular Schwannoma,OWNS ENTRY,9,13_03_ENT_-_Deafness_and_Vertigo_Conditions.md#Vestibular schwannoma (acoustic neuroma),
Neurology,Anterior Cutaneous Nerve Entrapment Syndrome,ACRONYM MATCH ONLY,32,generated-initialism match only - not evidence of coverage,
Neurology,Autonomic Dysreflexia,OWNS ENTRY,2,11_06_Ortho_-_Spinal_Orthopaedics.md#Autonomic dysreflexia,
Neurology,Axillary nerve injury,IN A TAUGHT SECTION,2,11_02_Ortho_-_Upper_Limb__Shoulder__Elbow__Distal_Radius_Fractures_.md#Shoulder dislocation,
Neurology,Axonotmesis,ABSENT,0,,
Neurology,Brachial plexus injury,OWNS ENTRY,0,11_07a_Ortho_-_Dermatomes_and_Myotomes_Reference.md#Brachial Plexus Injury — Erb's Palsy vs Klumpke's Palsy,
Neurology,Brain Injury,IN A TAUGHT SECTION,11,04_Neurology.md#Frontotemporal Lobar Degeneration (FTLD),
Neurology,Brown-Sequard Syndrome,OWNS ENTRY,1,04_Neurology.md#Brown-Séquard Syndrome,
Neurology,Cavernous sinus fistula,ABSENT,0,weak-signal:Cavernous=5,
Neurology,Central Cord Syndrome,ABSENT,0,,
Neurology,Central Tentorial Herniation,ABSENT,0,weak-signal:Herniation=22,
Neurology,Cerebellar contusion,MENTIONED,1,,
Neurology,CN IV palsy,IN A TAUGHT SECTION,1,05_Ophthalmology.md#Paralytic Squint,
Neurology,Duchenne-Erb Palsy,ABSENT,0,weak-signal:Duchenne=6,
Neurology,Herniation Syndromes,ABSENT,0,weak-signal:Herniation=22,
Neurology,Klumpke's palsy,OWNS ENTRY,2,11_07a_Ortho_-_Dermatomes_and_Myotomes_Reference.md#Brachial Plexus Injury — Erb's Palsy vs Klumpke's Palsy,
Neurology,Lateral Tentorial Herniation,ABSENT,0,weak-signal:Herniation=22,
Neurology,Lumbar radiculopathy,ABSENT,0,weak-signal:radiculopathy=7,
Neurology,Median nerve injury,IN A TAUGHT SECTION,2,11_02_Ortho_-_Upper_Limb__Shoulder__Elbow__Distal_Radius_Fractures_.md#Colles' fracture,
Neurology,Meralgia Paresthetica,OWNS ENTRY,1,11_04_Ortho_-_Hip.md#Meralgia paraesthetica,
Neurology,Nerve root entrapment,ABSENT,0,weak-signal:entrapment=2,
Neurology,Neurapraxia,ABSENT,0,,
Neurology,Neurotmesis,ABSENT,0,,
Neurology,Peripheral Nerve Lesions,OWNS ENTRY,1,11_07a_Ortho_-_Dermatomes_and_Myotomes_Reference.md#Upper limb peripheral nerve lesions — sensory and motor findings,
Neurology,Peroneal nerve injury,ABSENT,0,weak-signal:Peroneal=3,
Neurology,Pneumocephalus,MENTIONED,1,,
Neurology,Post-concussive syndrome,ABSENT,0,,
Neurology,Posterior Cord Syndrome,ABSENT,0,weak-signal:Posterior=98,
Neurology,Quadriplegia,IN A TAUGHT SECTION,1,15_19b_Paeds_-_Cerebral_Palsy_and_Muscular_Dystrophies.md#Classification by movement disorder,
Neurology,Radial nerve palsy,ABSENT,0,,
Neurology,Sciatic nerve palsy,ABSENT,0,,
Neurology,Spinal cord compression,OWNS ENTRY,18,04_Neurology.md#Malignant Spinal Cord Compression (MSCC),
Neurology,Spinal cord injuries,IN A TAUGHT SECTION,8,01_Cardiovascular.md#0.20.3 Distributive shock,
Neurology,Spinal Shock,IN A TAUGHT SECTION,4,04_Neurology.md#Anterior Spinal Artery Occlusion,
Neurology,Subdural Hematoma,OWNS ENTRY,4,04_Neurology.md#Subdural Haematoma,
Neurology,Subfalcine Herniation,ABSENT,0,,
Neurology,Sural nerve injury,IN A TAUGHT SECTION,1,11_05_Ortho_-_Knee_and_Ankle.md#Tendon rupture,
Neurology,Tonsillar Herniation,ABSENT,0,weak-signal:Herniation=22,
Neurology,Ulnar nerve injury,ABSENT,0,,
Neurology,Upward Herniation,ABSENT,0,weak-signal:Herniation=22,
Neurology,Alien hand syndrome,ABSENT,0,,
Neurology,Anterior Cord Syndrome,ABSENT,0,weak-signal:Anterior=108,
Neurology,Cerebellar infarction,ABSENT,0,weak-signal:Cerebellar=31,
Neurology,Cerebrovascular disease (CVD),IN A TAUGHT SECTION,19,01_Cardiovascular.md#0.39 Dyslipidaemia,
Neurology,Cerebrovascular events,ABSENT,0,weak-signal:Cerebrovascular=4,
Neurology,Clumsy hand-dysarthria syndrome,ACRONYM MATCH ONLY,1,generated-initialism match only - not evidence of coverage,
Neurology,CN III palsy,IN A TAUGHT SECTION,10,04_Neurology.md#Horner's Syndrome,
Neurology,Cortical blindness,MENTIONED,1,,
Neurology,Delayed cerebral ischemia,IN A TAUGHT SECTION,1,04_Neurology.md#Subarachnoid Haemorrhage (SAH),
Neurology,Dural Arteriovenous Fistulas,ABSENT,0,weak-signal:Arteriovenous=4,
Neurology,Hemineglect,ABSENT,0,,
Neurology,Hemorrhagic stroke,OWNS ENTRY,5,04_Neurology.md#Haemorrhagic Stroke,
Neurology,Hunt and Hess Grade,ABSENT,0,,
Neurology,Intracerebral Hemorrhage,IN A TAUGHT SECTION,2,04_Neurology.md#Haemorrhagic Stroke,
Neurology,Intracranial Aneurysms,ABSENT,0,weak-signal:Intracranial=43,
Neurology,Intraventricular Hemorrhage,IN A TAUGHT SECTION,4,04_Neurology.md#Hydrocephalus,
Neurology,Ischemic stroke,OWNS ENTRY,8,04_Neurology.md#Ischaemic Stroke,
Neurology,Lateral medullary syndrome,IN A TAUGHT SECTION,1,13_06b_ENT_-_Dysphagia_and_Oesophageal_Pathology.md#Dysphagia — approach,
Neurology,Lipohyalinosis,ABSENT,0,,
Neurology,Occipital hemorrhage,ABSENT,0,weak-signal:hemorrhage=143,
Neurology,Occipital infarction,ABSENT,0,weak-signal:infarction=25,
Neurology,Skew deviation,MENTIONED,2,,
Neurology,Spinal cord ischemia,ABSENT,0,weak-signal:ischemia=74,
Neurology,Stroke,OWNS ENTRY,161,01_Cardiovascular.md#0.4.1 Stroke/bleeding risk scoring,
Neurology,Stroke (Ischemic/Hemorrhagic),OWNS ENTRY,161,01_Cardiovascular.md#0.4.1 Stroke/bleeding risk scoring,
Neurology,Subarachnoid hemorrhage,OWNS ENTRY,15,04_Neurology.md#Subarachnoid Haemorrhage (SAH),
Neurology,Transient Ischemic Attack (TIA),OWNS ENTRY,36,04_Neurology.md#Transient Ischaemic Attack (TIA),
Neurology,Transient ischemic attacks,OWNS ENTRY,0,04_Neurology.md#Transient Ischaemic Attack (TIA),
Neurology,Vascular Dementia,OWNS ENTRY,1,04_Neurology.md#Vascular Dementia,
Neurology,Vertebrobasilar insufficiency,MENTIONED,1,,
Dermatology,Alopecia Areata,MENTIONED,3,,
Dermatology,Atopic Dermatitis/Eczema,OWNS ENTRY,50,09_01_Dermatology_-_Dermatological_Emergencies.md#Eczema herpeticum,
Dermatology,Bullous Pemphigoid,OWNS ENTRY,4,09_08_Dermatology_-_Miscellaneous.md#Bullous pemphigoid,
Dermatology,Contact Dermatitis,OWNS ENTRY,9,09_04_Dermatology_-_Eczema__Psoriasis__Rosacea.md#Contact Dermatitis (Irritant and Allergic),
Dermatology,Dermatitis Herpetiformis,IN A TAUGHT SECTION,1,03_Gastrointestinal.md#Coeliac Disease,
Dermatology,Pemphigus Vulgaris,IN A TAUGHT SECTION,2,09_08_Dermatology_-_Miscellaneous.md#Pemphigus,
Dermatology,Photosensitivity Reaction,IN A TAUGHT SECTION,1,09_01_Dermatology_-_Dermatological_Emergencies.md#Cutaneous Drug Eruptions (Overview and Spectrum),
Dermatology,Psoriasis,OWNS ENTRY,39,09_04_Dermatology_-_Eczema__Psoriasis__Rosacea.md#Psoriasis,
Dermatology,Pyoderma Gangrenosum,OWNS ENTRY,3,09_02_Dermatology_-_Melanocytic_Lesions_and_Mimickers.md#Pyoderma gangrenosum,
Dermatology,Stevens-Johnson Syndrome,OWNS ENTRY,7,09_01_Dermatology_-_Dermatological_Emergencies.md#Stevens-Johnson syndrome / Toxic epidermal necrolysis (SJS/TEN),
Dermatology,Subacute cutaneous SLE,ABSENT,0,weak-signal:cutaneous=48,
Dermatology,Toxic Epidermal Necrolysis,OWNS ENTRY,6,09_01_Dermatology_-_Dermatological_Emergencies.md#Stevens-Johnson syndrome / Toxic epidermal necrolysis (SJS/TEN),
Dermatology,Urticaria,OWNS ENTRY,12,09_01_Dermatology_-_Dermatological_Emergencies.md#Acute urticaria and angioedema,
Dermatology,Vitiligo,IN A TAUGHT SECTION,2,06_Metabolic_Medicine_and_Endocrinology.md#Addison's Disease (Primary Adrenal Insufficiency),
Dermatology,Diaper Rash,ABSENT,0,,
Dermatology,Dyshidrotic Dermatitis,ABSENT,0,,
Dermatology,Erythema Multiforme,OWNS ENTRY,8,09_08_Dermatology_-_Miscellaneous.md#Erythema multiforme,
Dermatology,Erythema Nodosum,OWNS ENTRY,11,09_08_Dermatology_-_Miscellaneous.md#Erythema nodosum,
Dermatology,Keratoderma blennorrhagica,ABSENT,0,,
Dermatology,Lichen Planus,OWNS ENTRY,17,09_08_Dermatology_-_Miscellaneous.md#Lichen planus,
Dermatology,Lichen sclerosus,IN A TAUGHT SECTION,2,07_Renal_Medicine_and_Urology.md#Balanoposthitis,
Dermatology,Lupus pernio,IN A TAUGHT SECTION,2,02_Respiratory.md#Sarcoidosis,
Dermatology,Morphea,IN A TAUGHT SECTION,1,12_03_Rheum_-_Connective_Tissue_Diseases__SLE__Systemic_Sclerosis__Dermatomyositis__Polymyositis__Sjogren_.md#Systemic sclerosis (scleroderma),
Dermatology,Nummular Dermatitis,ABSENT,0,weak-signal:Dermatitis=41,
Dermatology,Lichen Simplex Chronicus,OWNS ENTRY,1,17_07_Vulval_Problems__Genital_Warts_and_Herpes__Vulval_Carcinoma.md#Lichen simplex (chronicus),
Dermatology,Becker's Nevus,ABSENT,0,,
Dermatology,Blue Nevus,ABSENT,0,,
Dermatology,Congenital Nevomelanocytic Nevi,ABSENT,0,,
Dermatology,Dermal Melanocytosis,ABSENT,0,,
Dermatology,Epidermal/Epidermoid Cyst,OWNS ENTRY,22,09_01_Dermatology_-_Dermatological_Emergencies.md#Stevens-Johnson syndrome / Toxic epidermal necrolysis (SJS/TEN),
Dermatology,Giant congenital nevus,ABSENT,0,,
Dermatology,Milium,ABSENT,0,,
Dermatology,Nevus Flammeus,ABSENT,0,,
Dermatology,Nevus sebaceous of Jadassohn,ABSENT,0,weak-signal:sebaceous=8,
Dermatology,Nevus Simplex,ABSENT,0,,
Dermatology,Speckled Lentiginous Nevus,ABSENT,0,weak-signal:Lentiginous=1,
Dermatology,Acute Generalized Exanthematous Pustulosis,ACRONYM MATCH ONLY,2,generated-initialism match only - not evidence of coverage,
Dermatology,Anagen Effluvium,ABSENT,0,weak-signal:Effluvium=3,
Dermatology,Seborrheic Keratosis,OWNS ENTRY,3,09_02_Dermatology_-_Melanocytic_Lesions_and_Mimickers.md#Seborrhoeic keratosis,
Dermatology,Senile Purpura,IN A TAUGHT SECTION,2,09_08_Dermatology_-_Miscellaneous.md#Non-blanching rashes — approach and differential,
Dermatology,Solar Lentigo,ABSENT,0,,
Dermatology,Exanthematous Drug Reaction,ABSENT,0,weak-signal:Exanthematous=1,
Dermatology,Fixed Drug Eruption,IN A TAUGHT SECTION,2,09_01_Dermatology_-_Dermatological_Emergencies.md#Cutaneous Drug Eruptions (Overview and Spectrum),
Dermatology,Hypertrichosis,ABSENT,0,,
Dermatology,Melasma,ABSENT,0,,
Dermatology,Acne/Acne Vulgaris,OWNS ENTRY,19,09_03b_Dermatology_-_Acne_Vulgaris.md#Acne vulgaris,
Dermatology,Aquagenic pruritus,MENTIONED,2,,
Dermatology,Asteatotic Dermatitis,ABSENT,0,,
Dermatology,Boston-type syndrome,ABSENT,0,,
Dermatology,Cherry Angioma/Cherry hemangiomas,ABSENT,0,weak-signal:hemangiomas=1,
Dermatology,Dermatitis,OWNS ENTRY,42,09_04_Dermatology_-_Eczema__Psoriasis__Rosacea.md#Contact Dermatitis (Irritant and Allergic),
Dermatology,Dermatofibroma,OWNS ENTRY,1,09_02_Dermatology_-_Melanocytic_Lesions_and_Mimickers.md#Dermatofibroma,
Dermatology,Perioral Dermatitis,MENTIONED,2,,
Dermatology,Pigmentation disorders,ABSENT,0,weak-signal:Pigmentation=17,
Dermatology,Primary Hyperhidrosis,ABSENT,0,,
Dermatology,Rosacea,OWNS ENTRY,2,09_04_Dermatology_-_Eczema__Psoriasis__Rosacea.md#Rosacea,
Dermatology,Seborrhea/Seborrheic Dermatitis,OWNS ENTRY,7,09_06_Dermatology_-_Fungal_and_Viral_Skin_Infections.md#Seborrhoeic dermatitis,
Dermatology,Skin Tags,IN A TAUGHT SECTION,3,03_Gastrointestinal.md#Crohn's Disease,
Dermatology,Subcutaneous spheroids,ABSENT,0,weak-signal:Subcutaneous=25,
Dermatology,Telogen Effluvium,MENTIONED,3,,
Dermatology,Hidradenitis Suppurativa,OWNS ENTRY,8,09_07_Dermatology_-_Chickenpox__Shingles__Pityriasis_Rosea__Hidradenitis_Suppurativa.md#Hidradenitis suppurativa,
Dermatology,Angular cheilitis,IN A TAUGHT SECTION,1,03_Gastrointestinal.md#Plummer-Vinson Syndrome,
Dermatology,Bed Bugs,ABSENT,0,,
Dermatology,Bowenoid papulosis,ABSENT,0,,
Dermatology,Cellulitis,OWNS ENTRY,33,05_Ophthalmology.md#Orbital and Peri-Orbital Cellulitis,
Dermatology,Cutaneous Anthrax,ABSENT,0,weak-signal:Cutaneous=48,
Dermatology,Cutaneous Larva Migrans,OWNS ENTRY,2,08_07_Infectious_Disease_-_Protozoan_Infections.md#Cutaneous larva migrans,
Dermatology,Cutaneous Leishmaniasis,MENTIONED,1,,
Dermatology,Dermatophytoses,ABSENT,0,,
Dermatology,Erysipelas,OWNS ENTRY,5,09_05_Dermatology_-_Bacterial_Infections_and_Infestations.md#Cellulitis & erysipelas,
Dermatology,Felon,ABSENT,0,,
Dermatology,Folliculitis,OWNS ENTRY,8,09_05_Dermatology_-_Bacterial_Infections_and_Infestations.md#Folliculitis,
Dermatology,Furuncles,IN A TAUGHT SECTION,2,08_09_Infectious_Disease_-_Miscellaneous.md#Cellulitis,
Dermatology,Impetigo,OWNS ENTRY,9,09_05_Dermatology_-_Bacterial_Infections_and_Infestations.md#Impetigo,
Dermatology,Lice,OWNS ENTRY,14,08_08_Infectious_Disease_-_Genitourinary_Infections_and_STIs.md#Pubic lice (Pediculosis pubis),
Dermatology,Molluscum contagiosum,OWNS ENTRY,4,09_06_Dermatology_-_Fungal_and_Viral_Skin_Infections.md#Molluscum contagiosum,
Dermatology,Onychomycosis/Tinea Unguium,OWNS ENTRY,3,09_06_Dermatology_-_Fungal_and_Viral_Skin_Infections.md#Onychomycosis (fungal nail infection),
Dermatology,Paronychia,ABSENT,0,,
Dermatology,Pityriasis Rosea,OWNS ENTRY,8,09_07_Dermatology_-_Chickenpox__Shingles__Pityriasis_Rosea__Hidradenitis_Suppurativa.md#Pityriasis rosea,
Dermatology,Pityriasis Versicolor,OWNS ENTRY,3,09_06_Dermatology_-_Fungal_and_Viral_Skin_Infections.md#Pityriasis versicolor (tinea versicolor),
Dermatology,Scabies,OWNS ENTRY,19,09_05_Dermatology_-_Bacterial_Infections_and_Infestations.md#Scabies,
Dermatology,Skin Abscess,ABSENT,0,,
Dermatology,Tinea Barbae,IN A TAUGHT SECTION,1,09_06_Dermatology_-_Fungal_and_Viral_Skin_Infections.md#Tinea / Dermatophyte infections,
Dermatology,Tinea Capitis,OWNS ENTRY,4,09_06_Dermatology_-_Fungal_and_Viral_Skin_Infections.md#Tinea capitis,
Dermatology,Tinea Corporis,OWNS ENTRY,1,09_06_Dermatology_-_Fungal_and_Viral_Skin_Infections.md#Tinea corporis (ringworm),
Dermatology,Tinea Cruris,IN A TAUGHT SECTION,1,09_06_Dermatology_-_Fungal_and_Viral_Skin_Infections.md#Tinea / Dermatophyte infections,
Dermatology,Tinea Manuum,IN A TAUGHT SECTION,1,09_06_Dermatology_-_Fungal_and_Viral_Skin_Infections.md#Tinea / Dermatophyte infections,
Dermatology,Tinea Pedis,OWNS ENTRY,5,09_06_Dermatology_-_Fungal_and_Viral_Skin_Infections.md#Tinea pedis (athlete's foot),
Dermatology,Warts,OWNS ENTRY,18,08_08_Infectious_Disease_-_Genitourinary_Infections_and_STIs.md#Genital warts,
Dermatology,Androgenetic Alopecia,MENTIONED,1,,
Dermatology,Xeroderma Pigmentosum,IN A TAUGHT SECTION,2,09_02_Dermatology_-_Melanocytic_Lesions_and_Mimickers.md#Melanoma,
Dermatology,Epidermolysis Bullosa,ABSENT,0,,
Dermatology,Ichthyosis Vulgaris,ABSENT,0,,
Dermatology,Necrobiosis lipoidica diabeticorum,ABSENT,0,,
Dermatology,Porphyria Cutanea Tarda,IN A TAUGHT SECTION,1,03_Gastrointestinal.md#Hepatitis C,
Dermatology,Xanthelasma,IN A TAUGHT SECTION,4,01_Cardiovascular.md#0.39 Dyslipidaemia,
Dermatology,Xanthoma,IN A TAUGHT SECTION,2,01_Cardiovascular.md#0.39 Dyslipidaemia,
Dermatology,Actinic Keratoses,MENTIONED,1,,
Dermatology,Atypical Nevus/Dysplastic nevus,MENTIONED,1,,
Dermatology,Basal cell carcinoma,OWNS ENTRY,1,09_03a_Dermatology_-_Non-Melanoma_Skin_Cancer.md#Basal cell carcinoma (BCC),
Dermatology,Bowen's disease,IN A TAUGHT SECTION,4,09_03a_Dermatology_-_Non-Melanoma_Skin_Cancer.md#Squamous cell carcinoma (SCC),
Dermatology,Juvenile xanthogranuloma,ABSENT,0,,
Dermatology,Keratoacanthoma,MENTIONED,1,,
Dermatology,Lentigo maligna,IN A TAUGHT SECTION,1,09_02_Dermatology_-_Melanocytic_Lesions_and_Mimickers.md#Melanoma,
Dermatology,Lipoma,OWNS ENTRY,4,10_12_Oncology_-_Breast.md#Lipoma,
Dermatology,Marjolin ulcer,IN A TAUGHT SECTION,4,09_02_Dermatology_-_Melanocytic_Lesions_and_Mimickers.md#Melanoma,
Dermatology,Melanoma,OWNS ENTRY,41,09_02_Dermatology_-_Melanocytic_Lesions_and_Mimickers.md#Melanoma,
Dermatology,Nonmelanoma Skin Cancers,ABSENT,0,,
Dermatology,Pilar Cyst,ABSENT,0,,
Dermatology,Sebaceous cell carcinoma,ABSENT,0,weak-signal:Sebaceous=8,
Dermatology,Skin cancer,IN A TAUGHT SECTION,13,06_Metabolic_Medicine_and_Endocrinology.md#Vitamin D Deficiency,
Dermatology,Squamous Cell Carcinoma (SCC),OWNS ENTRY,28,09_03a_Dermatology_-_Non-Melanoma_Skin_Cancer.md#Squamous cell carcinoma (SCC),
Dermatology,Occupational acne,ABSENT,0,weak-signal:Occupational=37,
Dermatology,Corns,ABSENT,0,,
Dermatology,Hypertrophic scar,MENTIONED,1,,
Dermatology,Keloid scar,MENTIONED,1,,
Dermatology,Onychogryphosis,ABSENT,0,,
Dermatology,Pilonidal Cyst,ABSENT,0,,
Dermatology,Pressure ulcer/injuries,OWNS ENTRY,328,"04_Neurology.md#CT Head, Head Injury, and Intracranial Pressure",
Dermatology,Pyogenic Granuloma,MENTIONED,1,,
Dermatology,Scar,IN A TAUGHT SECTION,32,01_Cardiovascular.md#0.6 Ventricular Fibrillation,
Dermatology,Spread scar,ABSENT,0,,
Dermatology,Subungual hematoma,MENTIONED,1,,
Dermatology,Ulcers,OWNS ENTRY,106,01_Cardiovascular.md#0.35.8 Lower Leg Ulcers,
Dermatology,Cutaneous gangrene,ABSENT,0,weak-signal:Cutaneous=48,
Dermatology,Lipodermatosclerosis,IN A TAUGHT SECTION,2,Examination.md#Leg and Skin Ulcers — Differential and Approach,
Dermatology,Perniosis,ABSENT,0,,
Dermatology,Stasis Dermatitis/Varicose eczema,IN A TAUGHT SECTION,2,Examination.md#Leg and Skin Ulcers — Differential and Approach,
Dermatology,Venous / Arterial Ulcer,OWNS ENTRY,74,01_Cardiovascular.md#0.35.7 Chronic Venous Insufficiency — skin changes,
Endocrine and Metabolic,Alcoholic Ketoacidosis,ABSENT,0,weak-signal:Ketoacidosis=10,
Endocrine and Metabolic,Autoimmune thyroid disease,IN A TAUGHT SECTION,2,03_Gastrointestinal.md#Coeliac Disease,
Endocrine and Metabolic,Graves' disease,OWNS ENTRY,13,06_Metabolic_Medicine_and_Endocrinology.md#Graves' Disease,
Endocrine and Metabolic,Hashimoto's thyroiditis,MENTIONED,1,,
Endocrine and Metabolic,Latent Autoimmune Diabetes in Adults,ABSENT,0,weak-signal:Autoimmune=124,
Endocrine and Metabolic,Painless Thyroiditis,ABSENT,0,weak-signal:Thyroiditis=8,
Endocrine and Metabolic,Primary Adrenocortical Insufficiency,ABSENT,0,,
Endocrine and Metabolic,Thyroiditis,IN A TAUGHT SECTION,8,03_Gastrointestinal.md#Autoimmune Hepatitis,
Endocrine and Metabolic,Type 1 Diabetes Mellitus,OWNS ENTRY,1,06_Metabolic_Medicine_and_Endocrinology.md#Type 1 Diabetes Mellitus (T1DM),
Endocrine and Metabolic,Congenital Adrenal Hyperplasia (CAH),OWNS ENTRY,4,15_18a_Paeds_-_Precocious_and_Delayed_Puberty__CAH.md#Congenital adrenal hyperplasia (CAH),
Endocrine and Metabolic,Lingual thyroid,ABSENT,0,,
Endocrine and Metabolic,Acromegaly,OWNS ENTRY,11,06_Metabolic_Medicine_and_Endocrinology.md#Acromegaly,
Endocrine and Metabolic,Acute adrenal insufficiency,IN A TAUGHT SECTION,1,06_Metabolic_Medicine_and_Endocrinology.md#Pituitary Apoplexy,
Endocrine and Metabolic,Addisonian crisis,OWNS ENTRY,1,06_Metabolic_Medicine_and_Endocrinology.md#Addisonian Crisis,
Endocrine and Metabolic,Adrenal insufficiency,OWNS ENTRY,19,06_Metabolic_Medicine_and_Endocrinology.md#Addison's Disease (Primary Adrenal Insufficiency),
Endocrine and Metabolic,Central Diabetes Insipidus,IN A TAUGHT SECTION,2,06_Metabolic_Medicine_and_Endocrinology.md#Hypopituitarism,
Endocrine and Metabolic,Cushing's Syndrome,OWNS ENTRY,10,06_Metabolic_Medicine_and_Endocrinology.md#Cushing's Syndrome/Disease,
Endocrine and Metabolic,Delayed puberty,OWNS ENTRY,5,15_18a_Paeds_-_Precocious_and_Delayed_Puberty__CAH.md#Delayed puberty,
Endocrine and Metabolic,Diabetes insipidus,OWNS ENTRY,12,06_Metabolic_Medicine_and_Endocrinology.md#Diabetes Insipidus (DI),
Endocrine and Metabolic,Gigantism,IN A TAUGHT SECTION,2,06_Metabolic_Medicine_and_Endocrinology.md#Acromegaly,
Endocrine and Metabolic,Growth Hormone Deficiency,ABSENT,0,,
Endocrine and Metabolic,Hyperandrogenism,IN A TAUGHT SECTION,4,17_01_FGM__Amenorrhoea__PCOS.md#Polycystic ovarian syndrome (PCOS),
Endocrine and Metabolic,Hypergonadotropic Hypogonadism,ABSENT,0,,
Endocrine and Metabolic,Hyperparathyroidism,OWNS ENTRY,13,06_Metabolic_Medicine_and_Endocrinology.md#Hyperparathyroidism,
Endocrine and Metabolic,Hyperprolactinemia,IN A TAUGHT SECTION,8,06_Metabolic_Medicine_and_Endocrinology.md#Prolactinoma,
Endocrine and Metabolic,Hyperthyroidism,OWNS ENTRY,29,06_Metabolic_Medicine_and_Endocrinology.md#Hyperthyroidism,
Endocrine and Metabolic,Hypogonadotropic Hypogonadism,ABSENT,0,,
Endocrine and Metabolic,Hypoparathyroidism,OWNS ENTRY,5,06_Metabolic_Medicine_and_Endocrinology.md#Hypoparathyroidism,
Endocrine and Metabolic,Hypopituitarism,OWNS ENTRY,7,06_Metabolic_Medicine_and_Endocrinology.md#Hypopituitarism,
Endocrine and Metabolic,Hypothalamic dysfunction,IN A TAUGHT SECTION,2,15_20b_Paeds_-_Imprinting_Disorders__Prader-Willi__Angelman_.md#Prader-Willi syndrome (PWS),
Endocrine and Metabolic,Hypothyroidism,OWNS ENTRY,70,06_Metabolic_Medicine_and_Endocrinology.md#Hypothyroidism,
Endocrine and Metabolic,Myxedema,OWNS ENTRY,9,06_Metabolic_Medicine_and_Endocrinology.md#Myxoedema Coma,
Endocrine and Metabolic,Myxedema Coma,OWNS ENTRY,4,06_Metabolic_Medicine_and_Endocrinology.md#Myxoedema Coma,
Endocrine and Metabolic,Non-Toxic Goitre,ABSENT,0,,
Endocrine and Metabolic,Osteitis fibrosa cystica,IN A TAUGHT SECTION,2,06_Metabolic_Medicine_and_Endocrinology.md#Tertiary Hyperparathyroidism,
Endocrine and Metabolic,Panhypopituitarism,IN A TAUGHT SECTION,1,06_Metabolic_Medicine_and_Endocrinology.md#Hypopituitarism,
Endocrine and Metabolic,Primary Aldosteronism,ABSENT,0,,
Endocrine and Metabolic,Primary hyperaldosteronism,IN A TAUGHT SECTION,2,01_Cardiovascular.md#0.2 Hypertension,
Endocrine and Metabolic,Primary hyperparathyroidism,OWNS ENTRY,0,06_Metabolic_Medicine_and_Endocrinology.md#Primary Hyperparathyroidism,
Endocrine and Metabolic,Secondary Adrenocortical Insufficiency,ABSENT,0,,
Endocrine and Metabolic,Secondary Aldosteronism,ABSENT,0,,
Endocrine and Metabolic,Secondary hyperparathyroidism,OWNS ENTRY,5,06_Metabolic_Medicine_and_Endocrinology.md#Secondary Hyperparathyroidism,
Endocrine and Metabolic,Syndrome of inappropriate antidiuretic hormone,OWNS ENTRY,0,06_Metabolic_Medicine_and_Endocrinology.md#SIADH (Syndrome of Inappropriate Antidiuretic Hormone),
Endocrine and Metabolic,Tertiary Hyperparathyroidism,OWNS ENTRY,0,06_Metabolic_Medicine_and_Endocrinology.md#Tertiary Hyperparathyroidism,
Endocrine and Metabolic,Testosterone Deficiency,IN A TAUGHT SECTION,1,11_08b_Ortho_-_Paget_s_Disease_and_Osteoporosis.md#Osteoporosis,
Endocrine and Metabolic,Thyroid Nodules,IN A TAUGHT SECTION,3,06_Metabolic_Medicine_and_Endocrinology.md#Toxic Multinodular Goitre,
Endocrine and Metabolic,Thyroid storm,OWNS ENTRY,4,06_Metabolic_Medicine_and_Endocrinology.md#Thyroid Storm (Thyrotoxic Crisis),
Endocrine and Metabolic,Thyrotoxicosis,OWNS ENTRY,17,15_17a_Paeds_-_Hyperthyroidism_and_Approach_to_Inherited_Metabolic_Disease.md#Transient neonatal thyrotoxicosis,
Endocrine and Metabolic,Toxic Adenoma,ABSENT,0,,
Endocrine and Metabolic,Toxic Nodular Goitre,IN A TAUGHT SECTION,2,06_Metabolic_Medicine_and_Endocrinology.md#Hyperthyroidism,
Endocrine and Metabolic,Hungry bone syndrome,ABSENT,0,,
Endocrine and Metabolic,Constitutional delay,MENTIONED,1,,
Endocrine and Metabolic,Post-gastric bypass hypoglycemia,ABSENT,0,weak-signal:hypoglycemia=53,
Endocrine and Metabolic,Subacute Thyroiditis,IN A TAUGHT SECTION,1,06_Metabolic_Medicine_and_Endocrinology.md#Hypothyroidism,
Endocrine and Metabolic,Alkaptonuria,ABSENT,0,,
Endocrine and Metabolic,Andersen disease,ABSENT,0,,
Endocrine and Metabolic,Androgen insensitivity syndrome,ABSENT,0,,
Endocrine and Metabolic,Androgen resistance,ABSENT,0,weak-signal:resistance=102,
Endocrine and Metabolic,ApoC2 deficiency,ABSENT,0,,
Endocrine and Metabolic,Cori disease,IN A TAUGHT SECTION,1,15_17b_Paeds_-_Glycogen_Storage_Disorders__PKU__Lysosomal_Storage_Diseases.md#Glycogen storage disorders,
Endocrine and Metabolic,Crigler-Najjar Syndrome,MENTIONED,1,,
Endocrine and Metabolic,Fabry's Disease,OWNS ENTRY,3,15_17b_Paeds_-_Glycogen_Storage_Disorders__PKU__Lysosomal_Storage_Diseases.md#Fabry's disease,
Endocrine and Metabolic,Familial Combined Hyperlipidemia,ABSENT,0,weak-signal:Hyperlipidemia=7,
Endocrine and Metabolic,Familial Hypercholesterolemia,IN A TAUGHT SECTION,5,01_Cardiovascular.md#0.39 Dyslipidaemia,
Endocrine and Metabolic,Familial Hypoalphalipoproteinemia,ABSENT,0,,
Endocrine and Metabolic,Familial Hypocalciuric Hypercalcemia,ABSENT,0,,
Endocrine and Metabolic,Familial lipoprotein lipase deficiency,ABSENT,0,weak-signal:lipoprotein=6,
Endocrine and Metabolic,Galactosemia,MENTIONED,2,,
Endocrine and Metabolic,Gaucher disease,MENTIONED,1,,
Endocrine and Metabolic,Glycogen Storage Diseases,MENTIONED,1,,
Endocrine and Metabolic,Hereditary Chylomicronemia,ABSENT,0,,
Endocrine and Metabolic,Hurler syndrome,MENTIONED,1,,
Endocrine and Metabolic,Long chain 3-hydroxyacyl-CoA dehydrogenase deficiency,ABSENT,0,weak-signal:dehydrogenase=4,
Endocrine and Metabolic,Maple syrup urine disease,ABSENT,0,,
Endocrine and Metabolic,Maturity-Onset Diabetes of the Young,OWNS ENTRY,0,15_16b_Paeds_-_Diabetes_Mellitus__MODY__DKA.md#Maturity onset diabetes of the young (MODY),
Endocrine and Metabolic,McArdle disease,IN A TAUGHT SECTION,1,15_17b_Paeds_-_Glycogen_Storage_Disorders__PKU__Lysosomal_Storage_Diseases.md#Glycogen storage disorders,
Endocrine and Metabolic,Medium chain acyl-CoA dehydrogenase deficiency,ABSENT,0,weak-signal:dehydrogenase=4,
Endocrine and Metabolic,Multiple endocrine neoplasia,OWNS ENTRY,0,06_Metabolic_Medicine_and_Endocrinology.md#Multiple Endocrine Neoplasia (MEN),
Endocrine and Metabolic,Multiple Endocrine Neoplasia Type 1,ABSENT,0,weak-signal:Endocrine=43,
Endocrine and Metabolic,Multiple Endocrine Neoplasia Type 2A,ABSENT,0,weak-signal:Endocrine=43,
Endocrine and Metabolic,Multiple Endocrine Neoplasia Type 2B,ABSENT,0,weak-signal:Endocrine=43,
Endocrine and Metabolic,Ornithine transcarbamylase deficiency,ABSENT,0,,
Endocrine and Metabolic,Phenylketonuria (PKU),OWNS ENTRY,6,15_17b_Paeds_-_Glycogen_Storage_Disorders__PKU__Lysosomal_Storage_Diseases.md#Phenylketonuria (PKU),
Endocrine and Metabolic,Polygenic Familial Hypercholesterolemia,ABSENT,0,weak-signal:Hypercholesterolemia=16,
Endocrine and Metabolic,Pompe disease,ABSENT,0,,
Endocrine and Metabolic,Porphyria,OWNS ENTRY,6,10_03b_Haemonc_-_Acute_Intermittent_Porphyria.md#Acute intermittent porphyria,
Endocrine and Metabolic,Propionic acidemia,ABSENT,0,,
Endocrine and Metabolic,X-linked adrenoleukodystrophy,ABSENT,0,,
Endocrine and Metabolic,Acute intermittent porphyria,OWNS ENTRY,2,10_03b_Haemonc_-_Acute_Intermittent_Porphyria.md#Acute intermittent porphyria,
Endocrine and Metabolic,Calciphylaxis,ABSENT,0,,
Endocrine and Metabolic,Dehydration,IN A TAUGHT SECTION,57,01_Cardiovascular.md#0.20.2 Hypovolaemic shock,
Endocrine and Metabolic,Diabetes,OWNS ENTRY,176,06_Metabolic_Medicine_and_Endocrinology.md#Diabetes Mellitus,
Endocrine and Metabolic,Diabetic Ketoacidosis,OWNS ENTRY,6,06_Metabolic_Medicine_and_Endocrinology.md#Diabetic Ketoacidosis (DKA),
Endocrine and Metabolic,Dyslipidemia,OWNS ENTRY,14,01_Cardiovascular.md#0.39 Dyslipidaemia,
Endocrine and Metabolic,Fluid imbalances,ABSENT,0,weak-signal:imbalances=2,
Endocrine and Metabolic,Hyperammonemia,OWNS ENTRY,2,15_17a_Paeds_-_Hyperthyroidism_and_Approach_to_Inherited_Metabolic_Disease.md#Hyperammonaemia,
Endocrine and Metabolic,Hypercalcemia,OWNS ENTRY,34,06_Metabolic_Medicine_and_Endocrinology.md#Hypercalcaemia,
Endocrine and Metabolic,Hyperglycemia,IN A TAUGHT SECTION,32,01_Cardiovascular.md#0.1 Acute Coronary Syndrome (ACS),
Endocrine and Metabolic,Hyperhomocysteinemia,ABSENT,0,,
Endocrine and Metabolic,Hyperkalemia,OWNS ENTRY,36,06_Metabolic_Medicine_and_Endocrinology.md#Hyperkalaemia,
Endocrine and Metabolic,Hyperlipidemia,IN A TAUGHT SECTION,7,01_Cardiovascular.md#0.35.4 Aortic Aneurysm,
Endocrine and Metabolic,Hypermagnesemia,ABSENT,0,,
Endocrine and Metabolic,Hypernatremia,OWNS ENTRY,7,06_Metabolic_Medicine_and_Endocrinology.md#Hypernatraemia,
Endocrine and Metabolic,Hyperosmolar Hyperglycemic State,OWNS ENTRY,1,06_Metabolic_Medicine_and_Endocrinology.md#Hyperosmolar Hyperglycaemic State (HHS),
Endocrine and Metabolic,Hyperphosphatemia,ABSENT,0,,
Endocrine and Metabolic,Hypertriglyceridemia,IN A TAUGHT SECTION,2,03_Gastrointestinal.md#Acute Pancreatitis,
Endocrine and Metabolic,Hyperuricemia,IN A TAUGHT SECTION,4,07_Renal_Medicine_and_Urology.md#Urinary Tract Stones,
Endocrine and Metabolic,Hypocalcemia,OWNS ENTRY,26,06_Metabolic_Medicine_and_Endocrinology.md#Hypocalcaemia,
Endocrine and Metabolic,Hypocholesterolemia,ABSENT,0,,
Endocrine and Metabolic,Hypoglycemia,OWNS ENTRY,53,06_Metabolic_Medicine_and_Endocrinology.md#Hypoglycaemia,
Endocrine and Metabolic,Hypokalemia,OWNS ENTRY,34,06_Metabolic_Medicine_and_Endocrinology.md#Hypokalaemia,
Endocrine and Metabolic,Hypomagnesemia,OWNS ENTRY,12,06_Metabolic_Medicine_and_Endocrinology.md#Hypomagnesaemia,
Endocrine and Metabolic,Hyponatremia,OWNS ENTRY,40,06_Metabolic_Medicine_and_Endocrinology.md#Hyponatraemia,
Endocrine and Metabolic,Hypophosphatemia,ABSENT,0,,
Endocrine and Metabolic,Impaired Fasting Glucose,MENTIONED,1,,
Endocrine and Metabolic,Impaired Glucose Tolerance,IN A TAUGHT SECTION,7,04_Neurology.md#Friedreich's Ataxia,
Endocrine and Metabolic,Ketoacidosis,OWNS ENTRY,10,06_Metabolic_Medicine_and_Endocrinology.md#Diabetic Ketoacidosis (DKA),
Endocrine and Metabolic,Lactic acidosis,MENTIONED,5,,
Endocrine and Metabolic,Metabolic acidosis,OWNS ENTRY,25,06_Metabolic_Medicine_and_Endocrinology.md#Metabolic Acidosis,
Endocrine and Metabolic,Metabolic alkalosis,OWNS ENTRY,7,06_Metabolic_Medicine_and_Endocrinology.md#Metabolic Alkalosis,
Endocrine and Metabolic,Metabolic Syndrome,OWNS ENTRY,10,06_Metabolic_Medicine_and_Endocrinology.md#Metabolic Syndrome,
Endocrine and Metabolic,Nutritional deficiency,IN A TAUGHT SECTION,3,03_Gastrointestinal.md#Cirrhosis,
Endocrine and Metabolic,Obesity,OWNS ENTRY,70,16_16-17_Contraception.md#Obesity,
Endocrine and Metabolic,Osteomalacia,OWNS ENTRY,9,11_07b_Ortho_-_Osteomyelitis__Osteochondritis_Dissecans__Fat_Embolism__Charcot_Joint__Osteomalacia.md#Osteomalacia,
Endocrine and Metabolic,Pellagra,IN A TAUGHT SECTION,2,03_Gastrointestinal.md#Neuroendocrine Tumours (NETs / Carcinoid Tumours),
Endocrine and Metabolic,Pre-Diabetes,IN A TAUGHT SECTION,2,06_Metabolic_Medicine_and_Endocrinology.md#Type 2 Diabetes Mellitus (T2DM),
Endocrine and Metabolic,Rickets,OWNS ENTRY,9,11_10_Ortho_-_Paediatric_Orthopaedics.md#Rickets,
Endocrine and Metabolic,Scurvy,IN A TAUGHT SECTION,2,09_08_Dermatology_-_Miscellaneous.md#Non-blanching rashes — approach and differential,
Endocrine and Metabolic,Sick Euthyroid Syndrome,OWNS ENTRY,0,06_Metabolic_Medicine_and_Endocrinology.md#Sick Euthyroid Syndrome,
Endocrine and Metabolic,Type 2 Diabetes Mellitus,OWNS ENTRY,3,06_Metabolic_Medicine_and_Endocrinology.md#Type 2 Diabetes Mellitus (T2DM),
Endocrine and Metabolic,Tyrosinemia,ABSENT,0,,
Endocrine and Metabolic,Under-Nutrition,IN A TAUGHT SECTION,2,03_Gastrointestinal.md#Gastritis,
Endocrine and Metabolic,Very long chain acyl-CoA dehydrogenase deficiency,ABSENT,0,weak-signal:dehydrogenase=4,
Endocrine and Metabolic,Vitamin A deficiency,IN A TAUGHT SECTION,2,05_Ophthalmology.md#Xerophthalmia,
Endocrine and Metabolic,Vitamin B deficiency,OWNS ENTRY,5,10_06a_Haemonc_-_Macrocytic_Anaemia.md#Vitamin B12 deficiency,
Endocrine and Metabolic,Vitamin B1 deficiency,OWNS ENTRY,5,10_06a_Haemonc_-_Macrocytic_Anaemia.md#Vitamin B12 deficiency,
Endocrine and Metabolic,Vitamin B12 Deficiency,OWNS ENTRY,5,10_06a_Haemonc_-_Macrocytic_Anaemia.md#Vitamin B12 deficiency,
Endocrine and Metabolic,Vitamin K Deficiency,MENTIONED,2,,
Endocrine and Metabolic,von Gierke disease,ABSENT,0,,
Endocrine and Metabolic,Zinc deficiency,MENTIONED,1,,
Endocrine and Metabolic,Adrenal incidentaloma,ABSENT,0,weak-signal:incidentaloma=1,
Endocrine and Metabolic,Adrenocortical carcinoma,ABSENT,0,,
Endocrine and Metabolic,Aldosteronoma,ABSENT,0,,
Endocrine and Metabolic,Cushing's disease,IN A TAUGHT SECTION,4,06_Metabolic_Medicine_and_Endocrinology.md#Cushing's Syndrome/Disease,
Endocrine and Metabolic,Gastrinoma,MENTIONED,1,,
Endocrine and Metabolic,Glucagonoma,ABSENT,0,,
Endocrine and Metabolic,Insulinoma,IN A TAUGHT SECTION,6,06_Metabolic_Medicine_and_Endocrinology.md#Hypoglycaemia,
Endocrine and Metabolic,Macroadenoma,IN A TAUGHT SECTION,6,06_Metabolic_Medicine_and_Endocrinology.md#Prolactinoma,
Endocrine and Metabolic,Medullary thyroid carcinoma,ABSENT,0,weak-signal:Medullary=10,
Endocrine and Metabolic,Microadenoma,IN A TAUGHT SECTION,1,06_Metabolic_Medicine_and_Endocrinology.md#Prolactinoma,
Endocrine and Metabolic,Papillary Thyroid Carcinoma,ABSENT,0,weak-signal:Papillary=7,
Endocrine and Metabolic,Parathyroid adenoma,IN A TAUGHT SECTION,2,06_Metabolic_Medicine_and_Endocrinology.md#Tertiary Hyperparathyroidism,
Endocrine and Metabolic,Pheochromocytoma,IN A TAUGHT SECTION,8,01_Cardiovascular.md#0.2 Hypertension,
Endocrine and Metabolic,Pituitary adenoma,IN A TAUGHT SECTION,10,06_Metabolic_Medicine_and_Endocrinology.md#Hyperthyroidism,
Endocrine and Metabolic,Pituitary Thyrotropinoma,ABSENT,0,,
Endocrine and Metabolic,Prolactinoma,OWNS ENTRY,5,06_Metabolic_Medicine_and_Endocrinology.md#Prolactinoma,
Endocrine and Metabolic,Thyroid Malignancies,ABSENT,0,weak-signal:Malignancies=9,
Endocrine and Metabolic,VIPoma,IN A TAUGHT SECTION,2,03_Gastrointestinal.md#Neuroendocrine Tumours (NETs / Carcinoid Tumours),
Endocrine and Metabolic,Diabetic ulcer,IN A TAUGHT SECTION,1,Examination.md#Leg and Skin Ulcers — Differential and Approach,
Endocrine and Metabolic,Pituitary apoplexy,OWNS ENTRY,3,06_Metabolic_Medicine_and_Endocrinology.md#Pituitary Apoplexy,
Endocrine and Metabolic,Sheehan's syndrome,IN A TAUGHT SECTION,2,06_Metabolic_Medicine_and_Endocrinology.md#Hypopituitarism,
Endocrine and Metabolic,Diabetic Foot Ulcer,IN A TAUGHT SECTION,1,06_Metabolic_Medicine_and_Endocrinology.md#Diabetic Foot,
Genitourinary and Reproductive,Balanitis circinata,ABSENT,0,weak-signal:Balanitis=9,
Genitourinary and Reproductive,Premature Ejaculation,ABSENT,0,weak-signal:Ejaculation=3,
Genitourinary and Reproductive,Sexual Dysfunction,IN A TAUGHT SECTION,7,04_Neurology.md#Multiple Sclerosis (MS),
Genitourinary and Reproductive,Bicornuate uterus,ABSENT,0,,
Genitourinary and Reproductive,Cervical agenesis,ABSENT,0,weak-signal:Cervical=118,
Genitourinary and Reproductive,Cryptorchidism,OWNS ENTRY,6,15_11_Paeds_-_Urological_and_Renal_Anomalies__Wilms_Tumour__HUS.md#Cryptorchidism,
Genitourinary and Reproductive,Ectopic Testes,ABSENT,0,,
Genitourinary and Reproductive,Epispadias,ABSENT,0,,
Genitourinary and Reproductive,Gartner's duct cyst,ABSENT,0,,
Genitourinary and Reproductive,Hematometra,ABSENT,0,,
Genitourinary and Reproductive,Hydrocele,IN A TAUGHT SECTION,10,03_Gastrointestinal.md#Types,
Genitourinary and Reproductive,Hypospadias,OWNS ENTRY,3,15_11_Paeds_-_Urological_and_Renal_Anomalies__Wilms_Tumour__HUS.md#Hypospadias,
Genitourinary and Reproductive,Imperforate hymen,IN A TAUGHT SECTION,1,17_01_FGM__Amenorrhoea__PCOS.md#Primary amenorrhoea,
Genitourinary and Reproductive,Mayer-Rokitansky-Kuster-Hauser syndrome,ABSENT,0,,
Genitourinary and Reproductive,Phimosis,OWNS ENTRY,5,15_11_Paeds_-_Urological_and_Renal_Anomalies__Wilms_Tumour__HUS.md#Phimosis,
Genitourinary and Reproductive,Septate uterus,ABSENT,0,,
Genitourinary and Reproductive,Transverse vaginal septum,ABSENT,0,weak-signal:Transverse=19,
Genitourinary and Reproductive,Urethral diverticulum,ABSENT,0,weak-signal:diverticulum=7,
Genitourinary and Reproductive,Benign Prostatic Hyperplasia (BPH),OWNS ENTRY,16,07_Renal_Medicine_and_Urology.md#Benign Prostatic Hyperplasia (BPH),
Genitourinary and Reproductive,Cystocele,IN A TAUGHT SECTION,1,17_08_Vaginal_Discharge__Urinary_Incontinence__Pelvic_Organ_Prolapse.md#Pelvic organ prolapse,
Genitourinary and Reproductive,Enterocele,IN A TAUGHT SECTION,1,17_08_Vaginal_Discharge__Urinary_Incontinence__Pelvic_Organ_Prolapse.md#Pelvic organ prolapse,
Genitourinary and Reproductive,Pelvic floor prolapse,ABSENT,0,weak-signal:prolapse=28,
Genitourinary and Reproductive,Pelvic organ prolapse,OWNS ENTRY,7,17_08_Vaginal_Discharge__Urinary_Incontinence__Pelvic_Organ_Prolapse.md#Pelvic organ prolapse,
Genitourinary and Reproductive,Rectocele,IN A TAUGHT SECTION,2,17_08_Vaginal_Discharge__Urinary_Incontinence__Pelvic_Organ_Prolapse.md#Pelvic organ prolapse,
Genitourinary and Reproductive,Uterine prolapse,IN A TAUGHT SECTION,2,17_08_Vaginal_Discharge__Urinary_Incontinence__Pelvic_Organ_Prolapse.md#Pelvic organ prolapse,
Genitourinary and Reproductive,Atrophic Vaginitis,IN A TAUGHT SECTION,2,17_02_Menorrhagia__PMS__Menopause__HRT.md#Abnormal Uterine Bleeding — Approach and DDx,
Genitourinary and Reproductive,Corpus luteum cyst,MENTIONED,2,,
Genitourinary and Reproductive,Erectile Dysfunction (ED),OWNS ENTRY,8,07_Renal_Medicine_and_Urology.md#Erectile Dysfunction (ED),
Genitourinary and Reproductive,Follicular cyst,MENTIONED,1,,
Genitourinary and Reproductive,Gynecomastia,IN A TAUGHT SECTION,8,03_Gastrointestinal.md#Cirrhosis,
Genitourinary and Reproductive,Hypogonadism,IN A TAUGHT SECTION,9,03_Gastrointestinal.md#Haemochromatosis,
Genitourinary and Reproductive,Impotence,IN A TAUGHT SECTION,5,01_Cardiovascular.md#0.35.3 Leriche Syndrome,
Genitourinary and Reproductive,Infertility,IN A TAUGHT SECTION,24,02_Respiratory.md#Cystic Fibrosis,
Genitourinary and Reproductive,Luteal phase defect,ABSENT,0,,
Genitourinary and Reproductive,Male Infertility,ABSENT,0,weak-signal:Infertility=24,
Genitourinary and Reproductive,Menopause,OWNS ENTRY,32,17_02_Menorrhagia__PMS__Menopause__HRT.md#Menopause,
Genitourinary and Reproductive,Ovarian cysts,OWNS ENTRY,8,17_10_Ovarian_Cancer__Cysts_and_Torsion.md#Ovarian cysts,
Genitourinary and Reproductive,Polycystic Ovarian Syndrome,OWNS ENTRY,2,17_01_FGM__Amenorrhoea__PCOS.md#Polycystic ovarian syndrome (PCOS),
Genitourinary and Reproductive,Premature ovarian failure,MENTIONED,1,,
Genitourinary and Reproductive,Premature ovarian insufficiency,ABSENT,0,weak-signal:insufficiency=51,
Genitourinary and Reproductive,Premenstrual Syndrome,OWNS ENTRY,0,17_02_Menorrhagia__PMS__Menopause__HRT.md#Premenstrual syndrome (PMS),
Genitourinary and Reproductive,Testicular atrophy,IN A TAUGHT SECTION,2,03_Gastrointestinal.md#Cirrhosis,
Genitourinary and Reproductive,Theca lutein cyst,ABSENT,0,,
Genitourinary and Reproductive,Secondary Amenorrhea,OWNS ENTRY,0,17_01_FGM__Amenorrhoea__PCOS.md#Secondary amenorrhoea,
Genitourinary and Reproductive,Asherman's syndrome,IN A TAUGHT SECTION,1,17_01_FGM__Amenorrhoea__PCOS.md#Causes,
Genitourinary and Reproductive,Cervical stenosis,ABSENT,0,weak-signal:Cervical=118,
Genitourinary and Reproductive,Adenomyosis,OWNS ENTRY,4,17_05_PID__Endometriosis__Fibroids.md#Adenomyosis,
Genitourinary and Reproductive,Chronic Pelvic Pain Syndrome,ABSENT,0,,
Genitourinary and Reproductive,Endometriosis,OWNS ENTRY,15,17_05_PID__Endometriosis__Fibroids.md#Endometriosis,
Genitourinary and Reproductive,Fibrocystic breast changes,OWNS ENTRY,0,10_12_Oncology_-_Breast.md#Fibrocystic breast changes,
Genitourinary and Reproductive,Mammary duct ectasia,OWNS ENTRY,1,10_12_Oncology_-_Breast.md#Mammary duct ectasia,
Genitourinary and Reproductive,Ovarian hyperstimulation syndrome,OWNS ENTRY,2,17_06_Subfertility_and_OHSS.md#Ovarian hyperstimulation syndrome (OHSS),
Genitourinary and Reproductive,Ovarian remnant syndrome,ABSENT,0,,
Genitourinary and Reproductive,Peyronie's Disease,IN A TAUGHT SECTION,2,07_Renal_Medicine_and_Urology.md#Erectile Dysfunction (ED),
Genitourinary and Reproductive,Pulmonary endometriosis,ABSENT,0,weak-signal:endometriosis=12,
Genitourinary and Reproductive,Spermatocele,ABSENT,0,,
Genitourinary and Reproductive,Ruptured Ovarian Cyst,MENTIONED,1,,
Genitourinary and Reproductive,Acute Bacterial Prostatitis,IN A TAUGHT SECTION,1,07_Renal_Medicine_and_Urology.md#Prostatitis,
Genitourinary and Reproductive,Asymptomatic Prostatitis,ABSENT,0,weak-signal:Asymptomatic=140,
Genitourinary and Reproductive,Bacterial vaginosis,OWNS ENTRY,3,08_08_Infectious_Disease_-_Genitourinary_Infections_and_STIs.md#Bacterial vaginosis,
Genitourinary and Reproductive,Balanitis,IN A TAUGHT SECTION,9,07_Renal_Medicine_and_Urology.md#Balanoposthitis,
Genitourinary and Reproductive,Balanoposthitis,OWNS ENTRY,1,07_Renal_Medicine_and_Urology.md#Balanoposthitis,
Genitourinary and Reproductive,Bartholin gland abscess,ABSENT,0,weak-signal:Bartholin=2,
Genitourinary and Reproductive,Cervicitis,IN A TAUGHT SECTION,11,08_08_Infectious_Disease_-_Genitourinary_Infections_and_STIs.md#Chlamydia,
Genitourinary and Reproductive,Chlamydia,OWNS ENTRY,46,08_08_Infectious_Disease_-_Genitourinary_Infections_and_STIs.md#Chlamydia,
Genitourinary and Reproductive,Chronic Bacterial Prostatitis,ABSENT,0,weak-signal:Prostatitis=6,
Genitourinary and Reproductive,Condylomata acuminata,ABSENT,0,weak-signal:Condylomata=2,
Genitourinary and Reproductive,Endometritis,IN A TAUGHT SECTION,7,08_08_Infectious_Disease_-_Genitourinary_Infections_and_STIs.md#Chlamydia,
Genitourinary and Reproductive,Epididymitis,OWNS ENTRY,6,07_Renal_Medicine_and_Urology.md#Epididymitis,
Genitourinary and Reproductive,Epididymo-Orchitis,IN A TAUGHT SECTION,15,07_Renal_Medicine_and_Urology.md#Epididymitis,
Genitourinary and Reproductive,Fitz-Hugh-Curtis syndrome,IN A TAUGHT SECTION,2,08_08_Infectious_Disease_-_Genitourinary_Infections_and_STIs.md#Chlamydia,
Genitourinary and Reproductive,Gonorrhea,OWNS ENTRY,28,08_08_Infectious_Disease_-_Genitourinary_Infections_and_STIs.md#Gonorrhoea,
Genitourinary and Reproductive,Hydrosalpinx,ABSENT,0,,
Genitourinary and Reproductive,Mastitis,OWNS ENTRY,16,08_09_Infectious_Disease_-_Miscellaneous.md#Mastitis and Breast Abscess,
Genitourinary and Reproductive,Orchitis,IN A TAUGHT SECTION,17,07_Renal_Medicine_and_Urology.md#Epididymitis,
Genitourinary and Reproductive,Pelvic cellulitis,ABSENT,0,weak-signal:cellulitis=33,
Genitourinary and Reproductive,Pelvic Inflammatory Disease (PID),OWNS ENTRY,20,17_05_PID__Endometriosis__Fibroids.md#Pelvic inflammatory disease (PID),
Genitourinary and Reproductive,Prostatitis,OWNS ENTRY,6,07_Renal_Medicine_and_Urology.md#Prostatitis,
Genitourinary and Reproductive,Pyometra,ABSENT,0,,
Genitourinary and Reproductive,Pyosalpinx,ABSENT,0,,
Genitourinary and Reproductive,Salpingitis,IN A TAUGHT SECTION,4,08_08_Infectious_Disease_-_Genitourinary_Infections_and_STIs.md#Gonorrhoea,
Genitourinary and Reproductive,Tubo-ovarian Abscess,IN A TAUGHT SECTION,1,17_05_PID__Endometriosis__Fibroids.md#Pelvic inflammatory disease (PID),
Genitourinary and Reproductive,Urethritis,IN A TAUGHT SECTION,10,07_Renal_Medicine_and_Urology.md#Epididymitis,
Genitourinary and Reproductive,Vulvovaginitis,IN A TAUGHT SECTION,2,08_08_Infectious_Disease_-_Genitourinary_Infections_and_STIs.md#Trichomonas vaginalis,
Genitourinary and Reproductive,Azoospermia,IN A TAUGHT SECTION,4,17_05_PID__Endometriosis__Fibroids.md#Male subfertility,
Genitourinary and Reproductive,Gonadal dysgenesis,IN A TAUGHT SECTION,3,17_01_FGM__Amenorrhoea__PCOS.md#Primary amenorrhoea,
Genitourinary and Reproductive,Primary amenorrhea,OWNS ENTRY,2,17_01_FGM__Amenorrhoea__PCOS.md#Primary amenorrhoea,
Genitourinary and Reproductive,Adenocarcinoma of the cervix,ABSENT,0,weak-signal:Adenocarcinoma=12,
Genitourinary and Reproductive,Bartholin's gland carcinoma,ABSENT,0,weak-signal:Bartholin=2,
Genitourinary and Reproductive,Borderline ovarian tumour,ABSENT,0,weak-signal:Borderline=8,
Genitourinary and Reproductive,Cervical cancer,OWNS ENTRY,23,17_09_Cervical__Vaginal_and_Endometrial_Cancer.md#Cervical cancer screening,
Genitourinary and Reproductive,Cervical intraepithelial neoplasia,ABSENT,0,weak-signal:intraepithelial=5,
Genitourinary and Reproductive,Choriocarcinoma,IN A TAUGHT SECTION,6,07_Renal_Medicine_and_Urology.md#Testicular Cancer,
Genitourinary and Reproductive,Clear cell ovarian carcinoma,ABSENT,0,,
Genitourinary and Reproductive,Endometrial cancer,OWNS ENTRY,21,17_09_Cervical__Vaginal_and_Endometrial_Cancer.md#Endometrial cancer,
Genitourinary and Reproductive,Endometrial hyperplasia,OWNS ENTRY,3,17_09_Cervical__Vaginal_and_Endometrial_Cancer.md#Endometrial hyperplasia,
Genitourinary and Reproductive,Endometrial stromal sarcoma,ABSENT,0,weak-signal:Endometrial=45,
Genitourinary and Reproductive,Endometrioid ovarian carcinoma,ABSENT,0,,
Genitourinary and Reproductive,Epithelial ovarian cancer,IN A TAUGHT SECTION,1,17_10_Ovarian_Cancer__Cysts_and_Torsion.md#Ovarian cancer,
Genitourinary and Reproductive,Fibroadenoma,OWNS ENTRY,11,10_12_Oncology_-_Breast.md#Fibroadenoma,
Genitourinary and Reproductive,Granulosa-theca cell tumour,ABSENT,0,,
Genitourinary and Reproductive,Gynecological tumour,ABSENT,0,weak-signal:Gynecological=8,
Genitourinary and Reproductive,Hemorrhagic fibroid,ABSENT,0,weak-signal:Hemorrhagic=25,
Genitourinary and Reproductive,Intraductal papilloma,ABSENT,0,,
Genitourinary and Reproductive,Leiomyoma,OWNS ENTRY,3,17_05_PID__Endometriosis__Fibroids.md#Fibroids (uterine leiomyomata),
Genitourinary and Reproductive,Leydig Cell Tumour,ABSENT,0,,
Genitourinary and Reproductive,Meigs' syndrome,IN A TAUGHT SECTION,1,02_Respiratory.md#Pleural Effusions,
Genitourinary and Reproductive,Mucinous ovarian tumour,ABSENT,0,weak-signal:Mucinous=3,
Genitourinary and Reproductive,Penile Tumours,ABSENT,0,,
Genitourinary and Reproductive,Placental-site trophoblastic tumour,ABSENT,0,weak-signal:trophoblastic=7,
Genitourinary and Reproductive,Seminoma,IN A TAUGHT SECTION,12,07_Renal_Medicine_and_Urology.md#Testicular Cancer,
Genitourinary and Reproductive,Serous ovarian carcinoma,ABSENT,0,,
Genitourinary and Reproductive,Sertoli Cell Tumour,ABSENT,0,,
Genitourinary and Reproductive,Sertoli-Leydig cell tumour,ABSENT,0,,
Genitourinary and Reproductive,Squamous cell carcinoma of the cervix,ABSENT,0,weak-signal:Squamous=19,
Genitourinary and Reproductive,Struma ovarii,ABSENT,0,,
Genitourinary and Reproductive,Testicular Tumours,MENTIONED,2,,
Genitourinary and Reproductive,Thecoma,ABSENT,0,,
Genitourinary and Reproductive,Uterine cancer,MENTIONED,1,,
Genitourinary and Reproductive,Uterine sarcoma,ABSENT,0,,
Genitourinary and Reproductive,Vaginal cancer,OWNS ENTRY,2,17_09_Cervical__Vaginal_and_Endometrial_Cancer.md#Vaginal cancer,
Genitourinary and Reproductive,Vaginal Intraepithelial Neoplasia,ABSENT,0,weak-signal:Intraepithelial=5,
Genitourinary and Reproductive,Vulvar cancer,ABSENT,0,,
Genitourinary and Reproductive,Vulvar Intraepithelial Neoplasia,ABSENT,0,weak-signal:Intraepithelial=5,
Genitourinary and Reproductive,Yolk Sac Tumour,IN A TAUGHT SECTION,2,07_Renal_Medicine_and_Urology.md#Testicular Cancer,
Genitourinary and Reproductive,Fat necrosis of breast,ABSENT,0,weak-signal:necrosis=51,
Genitourinary and Reproductive,Hematocele,ABSENT,0,,
Genitourinary and Reproductive,Ovarian Torsion,OWNS ENTRY,4,17_10_Ovarian_Cancer__Cysts_and_Torsion.md#Ovarian torsion,
Genitourinary and Reproductive,Paraphimosis,IN A TAUGHT SECTION,4,07_Renal_Medicine_and_Urology.md#Urinary Retention,
Genitourinary and Reproductive,Testicular Torsion,OWNS ENTRY,12,07_Renal_Medicine_and_Urology.md#Testicular Torsion,
Genitourinary and Reproductive,Urethral Stricture,IN A TAUGHT SECTION,5,07_Renal_Medicine_and_Urology.md#Urinary Retention,
Genitourinary and Reproductive,Vaginal inclusion cyst,ABSENT,0,weak-signal:inclusion=5,
Genitourinary and Reproductive,Pelvic congestion syndrome,ABSENT,0,weak-signal:congestion=17,
Genitourinary and Reproductive,Priapism,OWNS ENTRY,11,07_Renal_Medicine_and_Urology.md#Priapism,
Genitourinary and Reproductive,Varicocele,IN A TAUGHT SECTION,6,07_Renal_Medicine_and_Urology.md#Renal Cell Carcinoma (RCC),
Gastroenterology,Acute pancreatitis,OWNS ENTRY,7,03_Gastrointestinal.md#Acute Pancreatitis,
Gastroenterology,Alcoholic Hepatitis,OWNS ENTRY,1,03_Gastrointestinal.md#Alcoholic hepatitis,
Gastroenterology,Alcoholic Liver Disease,IN A TAUGHT SECTION,2,03_Gastrointestinal.md#Non-Alcoholic Fatty Liver Disease (NAFLD),
Gastroenterology,Chronic pancreatitis,OWNS ENTRY,11,03_Gastrointestinal.md#Chronic Pancreatitis,
Gastroenterology,Cirrhosis,OWNS ENTRY,65,03_Gastrointestinal.md#Cirrhosis,
Gastroenterology,Pancreatitis,OWNS ENTRY,47,03_Gastrointestinal.md#Acute Pancreatitis,
Gastroenterology,Autoimmune atrophic gastritis,ABSENT,0,weak-signal:Autoimmune=124,
Gastroenterology,Autoimmune Hepatitis,OWNS ENTRY,1,03_Gastrointestinal.md#Autoimmune Hepatitis,
Gastroenterology,Autoimmune Liver Disease,ABSENT,0,weak-signal:Autoimmune=124,
Gastroenterology,Autoimmune Pancreatitis,ABSENT,0,weak-signal:Pancreatitis=47,
Gastroenterology,Biliary cirrhosis,IN A TAUGHT SECTION,2,09_02_Dermatology_-_Melanocytic_Lesions_and_Mimickers.md#Pyoderma gangrenosum,
Gastroenterology,Celiac Disease,OWNS ENTRY,36,03_Gastrointestinal.md#Coeliac Disease,
Gastroenterology,Celiac sprue,ABSENT,0,,
Gastroenterology,Crohn's Disease,OWNS ENTRY,9,03_Gastrointestinal.md#Crohn's Disease,
Gastroenterology,Inflammatory bowel disease (IBD),OWNS ENTRY,49,03_Gastrointestinal.md#Inflammatory Bowel Disease,
Gastroenterology,Ulcerative colitis (UC),OWNS ENTRY,2,03_Gastrointestinal.md#Ulcerative Colitis,
Gastroenterology,Primary biliary cholangitis,OWNS ENTRY,2,03_Gastrointestinal.md#Primary Biliary Cholangitis (PBC),
Gastroenterology,Primary biliary cirrhosis,IN A TAUGHT SECTION,1,09_02_Dermatology_-_Melanocytic_Lesions_and_Mimickers.md#Pyoderma gangrenosum,
Gastroenterology,Primary sclerosing cholangitis,OWNS ENTRY,1,03_Gastrointestinal.md#Primary Sclerosing Cholangitis (PSC),
Gastroenterology,Chronic constipation,IN A TAUGHT SECTION,5,03_Gastrointestinal.md#Sigmoid and Caecal Volvulus,
Gastroenterology,Fecal impaction,IN A TAUGHT SECTION,5,03_Gastrointestinal.md#Faecal Incontinence (Adult),
Gastroenterology,Irritable bowel syndrome,OWNS ENTRY,4,03_Gastrointestinal.md#Irritable Bowel Syndrome (IBS),
Gastroenterology,Amyand's hernia,ABSENT,0,,
Gastroenterology,Anal atresia,IN A TAUGHT SECTION,1,"15_22b_Paeds_-_Neonatal_Respiratory_Distress_and_Jaundice.md#Aetiologies, risk factors, and pathophysiology",
Gastroenterology,Biliary atresia,MENTIONED,1,,
Gastroenterology,Caroli disease,ABSENT,0,,
Gastroenterology,Choledochal cyst,ABSENT,0,,
Gastroenterology,Duodenal Atresia,IN A TAUGHT SECTION,2,15_20a_Paeds_-_Trisomies_and_Sex_Chromosome_Disorders.md#Associated conditions,
Gastroenterology,Esophageal atresia,OWNS ENTRY,7,15_08_Paeds_-_Surgical_Abdomen__Appendicitis__Intussusception__Pyloric_Stenosis__Hirschsprung__Oesophageal_Atresia_.md#Oesophageal atresia / Tracheo-oesophageal fistula,
Gastroenterology,Esophageal Webs,IN A TAUGHT SECTION,1,03_Gastrointestinal.md#Plummer-Vinson Syndrome,
Gastroenterology,Gastroschisis,OWNS ENTRY,4,15_09a_Paeds_-_Congenital_Abdominal_Wall_and_GI_Anomalies.md#Gastroschisis and omphalocele,
Gastroenterology,Hepatic hemangioma,ABSENT,0,weak-signal:hemangioma=5,
Gastroenterology,Hypertrophic pyloric stenosis,ABSENT,0,weak-signal:Hypertrophic=5,
Gastroenterology,Intestinal atresia,ABSENT,0,weak-signal:Intestinal=27,
Gastroenterology,Littre's hernia,ABSENT,0,,
Gastroenterology,Malrotation,OWNS ENTRY,4,15_09a_Paeds_-_Congenital_Abdominal_Wall_and_GI_Anomalies.md#Mid-gut malrotation,
Gastroenterology,Malrotation with Volvulus,ABSENT,0,weak-signal:Malrotation=4,
Gastroenterology,Meckel's diverticulum,OWNS ENTRY,4,15_09a_Paeds_-_Congenital_Abdominal_Wall_and_GI_Anomalies.md#Meckel's diverticulum,
Gastroenterology,Simple liver cyst,ABSENT,0,,
Gastroenterology,Tracheoesophageal fistula,IN A TAUGHT SECTION,4,15_08_Paeds_-_Surgical_Abdomen__Appendicitis__Intussusception__Pyloric_Stenosis__Hirschsprung__Oesophageal_Atresia_.md#Oesophageal atresia / Tracheo-oesophageal fistula,
Gastroenterology,Umbilical hernia,IN A TAUGHT SECTION,3,15_16a_Paeds_-_Hypothyroidism.md#Congenital hypothyroidism (cretinism),
Gastroenterology,Diverticular Disease,OWNS ENTRY,7,03_Gastrointestinal.md#Diverticular Disease,
Gastroenterology,Diverticulosis,IN A TAUGHT SECTION,2,03_Gastrointestinal.md#Diverticular Disease,
Gastroenterology,Drug-Induced Liver Disease,ABSENT,0,,
Gastroenterology,Fecal incontinence,OWNS ENTRY,6,03_Gastrointestinal.md#Faecal Incontinence (Adult),
Gastroenterology,Gastric outlet obstruction,MENTIONED,1,,
Gastroenterology,Gastric ulcer,IN A TAUGHT SECTION,5,03_Gastrointestinal.md#Peptic Ulcer Disease,
Gastroenterology,Gastritis,OWNS ENTRY,14,03_Gastrointestinal.md#Gastritis,
Gastroenterology,Gastroesophageal reflux disease,ABSENT,0,,
Gastroenterology,Gastrointestinal disease,MENTIONED,5,,
Gastroenterology,GERD,OWNS ENTRY,26,03_Gastrointestinal.md#GORD,
Gastroenterology,Hemorrhoids,OWNS ENTRY,13,03_Gastrointestinal.md#Haemorrhoids,
Gastroenterology,Hepatic failure,IN A TAUGHT SECTION,3,03_Gastrointestinal.md#Hepatitis A,
Gastroenterology,Hiatus hernia,OWNS ENTRY,5,03_Gastrointestinal.md#Hiatus Hernia,
Gastroenterology,Hyperplastic polyp,ABSENT,0,weak-signal:Hyperplastic=1,
Gastroenterology,Inguinal Hernia,OWNS ENTRY,10,15_09a_Paeds_-_Congenital_Abdominal_Wall_and_GI_Anomalies.md#Inguinal hernia,
Gastroenterology,Intestinal obstruction,IN A TAUGHT SECTION,1,15_08_Paeds_-_Surgical_Abdomen__Appendicitis__Intussusception__Pyloric_Stenosis__Hirschsprung__Oesophageal_Atresia_.md#Intussusception,
Gastroenterology,Strangulated Hernia,MENTIONED,3,,
Gastroenterology,Strictures,OWNS ENTRY,30,13_06b_ENT_-_Dysphagia_and_Oesophageal_Pathology.md#Benign oesophageal stricture,
Gastroenterology,Zenker's Diverticulum,OWNS ENTRY,0,13_06b_ENT_-_Dysphagia_and_Oesophageal_Pathology.md#Pharyngeal pouch (Zenker's diverticulum),
Gastroenterology,Mirizzi syndrome,IN A TAUGHT SECTION,1,03_Gastrointestinal.md#Acute Cholecystitis,
Gastroenterology,Obturator hernia,ABSENT,0,weak-signal:Obturator=4,
Gastroenterology,Peptic Stricture,ABSENT,0,weak-signal:Stricture=30,
Gastroenterology,Perianal Skin Tags,ABSENT,0,weak-signal:Perianal=17,
Gastroenterology,Rectal prolapse,IN A TAUGHT SECTION,3,02_Respiratory.md#Cystic Fibrosis,
Gastroenterology,Schatzki Ring,ABSENT,0,,
Gastroenterology,Spigelian hernia,ABSENT,0,weak-signal:Spigelian=2,
Gastroenterology,Zollinger-Ellison syndrome,IN A TAUGHT SECTION,3,03_Gastrointestinal.md#Peptic Ulcer Disease,
Gastroenterology,Maldigestion,ABSENT,0,,
Gastroenterology,Pancreatic insufficiency,IN A TAUGHT SECTION,2,02_Respiratory.md#Cystic Fibrosis,
Gastroenterology,Incisional hernia,ABSENT,0,weak-signal:Incisional=1,
Gastroenterology,Achalasia,IN A TAUGHT SECTION,2,13_06b_ENT_-_Dysphagia_and_Oesophageal_Pathology.md#Dysphagia — approach,
Gastroenterology,Afferent loop syndrome,ABSENT,0,weak-signal:Afferent=9,
Gastroenterology,Anorectal disease,ABSENT,0,weak-signal:Anorectal=11,
Gastroenterology,Bezoars,ABSENT,0,,
Gastroenterology,Blind-loop syndrome,MENTIONED,1,,
Gastroenterology,Cecal volvulus,OWNS ENTRY,5,03_Gastrointestinal.md#Sigmoid and Caecal Volvulus,
Gastroenterology,Colonic pseudo-obstruction,ABSENT,0,weak-signal:obstruction=174,
Gastroenterology,Esophageal Diverticula,ABSENT,0,weak-signal:Diverticula=15,
Gastroenterology,Esophageal dysmotility,IN A TAUGHT SECTION,1,12_03_Rheum_-_Connective_Tissue_Diseases__SLE__Systemic_Sclerosis__Dermatomyositis__Polymyositis__Sjogren_.md#Systemic sclerosis (scleroderma),
Gastroenterology,Esophageal Motor Disorders,ABSENT,0,weak-signal:Esophageal=41,
Gastroenterology,Esophageal spasm,MENTIONED,1,,
Gastroenterology,Femoral hernia,ABSENT,0,,
Gastroenterology,Focal nodular hyperplasia,MENTIONED,1,,
Gastroenterology,Gastric stasis,IN A TAUGHT SECTION,2,06_Metabolic_Medicine_and_Endocrinology.md#Diabetic Ketoacidosis (DKA),
Gastroenterology,Gastric volvulus,MENTIONED,1,,
Gastroenterology,Gastroparesis,IN A TAUGHT SECTION,4,04_Neurology.md#Diabetic Neuropathy,
Gastroenterology,Hypertrophic gastropathy,ABSENT,0,weak-signal:Hypertrophic=5,
Gastroenterology,Intussusception,OWNS ENTRY,10,15_08_Paeds_-_Surgical_Abdomen__Appendicitis__Intussusception__Pyloric_Stenosis__Hirschsprung__Oesophageal_Atresia_.md#Intussusception,
Gastroenterology,Postvagotomy diarrhea,ABSENT,0,,
Gastroenterology,Short Bowel Syndrome,IN A TAUGHT SECTION,2,03_Gastrointestinal.md#Malabsorption,
Gastroenterology,Short gut syndrome,ABSENT,0,,
Gastroenterology,Sigmoid Volvulus,IN A TAUGHT SECTION,7,03_Gastrointestinal.md#Sigmoid and Caecal Volvulus,
Gastroenterology,Small bowel obstruction,OWNS ENTRY,5,03_Gastrointestinal.md#Small Bowel Obstruction (SBO),
Gastroenterology,Acute Viral Hepatitis,ABSENT,0,weak-signal:Hepatitis=80,
Gastroenterology,Anorectal abscess,IN A TAUGHT SECTION,1,03_Gastrointestinal.md#Anal Fistulae,
Gastroenterology,Appendicitis,OWNS ENTRY,18,03_Gastrointestinal.md#Appendicitis,
Gastroenterology,Ascending Cholangitis,OWNS ENTRY,4,03_Gastrointestinal.md#Ascending Cholangitis,
Gastroenterology,Campylobacter enteritis,ABSENT,0,weak-signal:Campylobacter=8,
Gastroenterology,Candida Esophagitis,ABSENT,0,weak-signal:Esophagitis=6,
Gastroenterology,Cholangitis,OWNS ENTRY,17,03_Gastrointestinal.md#Primary Sclerosing Cholangitis (PSC),
Gastroenterology,Cholecystitis,OWNS ENTRY,11,03_Gastrointestinal.md#Acute Cholecystitis,
Gastroenterology,Dental cavities,ABSENT,0,weak-signal:cavities=2,
Gastroenterology,Diverticulitis,IN A TAUGHT SECTION,6,03_Gastrointestinal.md#Diverticular Disease,
Gastroenterology,Duodenal ulcer,IN A TAUGHT SECTION,7,03_Gastrointestinal.md#Peptic Ulcer Disease,
Gastroenterology,Emphysematous cholecystitis,ABSENT,0,,
Gastroenterology,Fecal Antigen,IN A TAUGHT SECTION,1,03_Gastrointestinal.md#Gastritis,
Gastroenterology,Fistula-in-ano,ABSENT,0,,
Gastroenterology,Gastroenteritis,OWNS ENTRY,10,08_05-06_Infectious_Disease_-_Viral_Infections.md#DDx of acute gastroenteritis-type illness,
Gastroenterology,Gastrointestinal Infections,ABSENT,0,weak-signal:Gastrointestinal=92,
Gastroenterology,Gingivitis,OWNS ENTRY,0,13_07c_ENT_-_Dental_and_Teeth_Problems.md#Vincent's angina (necrotising ulcerative gingivitis),
Gastroenterology,Helicobacter pylori,ABSENT,0,,
Gastroenterology,Hepatitis,OWNS ENTRY,87,03_Gastrointestinal.md#Alcoholic hepatitis,
Gastroenterology,Infectious Colitis,ABSENT,0,weak-signal:Infectious=180,
Gastroenterology,Infectious Esophagitis,ABSENT,0,weak-signal:Esophagitis=6,
Gastroenterology,Intra-abdominal abscess,ABSENT,0,weak-signal:abdominal=212,
Gastroenterology,Liver abscess,IN A TAUGHT SECTION,2,08_07_Infectious_Disease_-_Protozoan_Infections.md#Amoebiasis,
Gastroenterology,Toxic megacolon,OWNS ENTRY,6,03_Gastrointestinal.md#Toxic megacolon,
Gastroenterology,Traveller's Diarrhea,MENTIONED,3,,
Gastroenterology,Typhlitis,ABSENT,0,,
Gastroenterology,Viral hepatitis,IN A TAUGHT SECTION,5,03_Gastrointestinal.md#Alcohol-Related Liver Disease (ArLD),
Gastroenterology,Mesenteric adenitis,MENTIONED,2,,
Gastroenterology,Mesenteric lymphadenitis,ABSENT,0,weak-signal:lymphadenitis=1,
Gastroenterology,Pancreatic pseudocyst,ABSENT,0,weak-signal:Pancreatic=41,
Gastroenterology,Peptic ulcer disease (PUD),OWNS ENTRY,11,03_Gastrointestinal.md#Peptic Ulcer Disease,
Gastroenterology,Peritonitis,OWNS ENTRY,24,03_Gastrointestinal.md#Spontaneous bacterial peritonitis (SBP),
Gastroenterology,Pseudomembranous colitis,MENTIONED,1,,
Gastroenterology,Pyogenic liver abscess,ABSENT,0,weak-signal:Pyogenic=4,
Gastroenterology,Splenic abscess,ABSENT,0,,
Gastroenterology,Spontaneous Bacterial Peritonitis,OWNS ENTRY,8,03_Gastrointestinal.md#Spontaneous bacterial peritonitis (SBP),
Gastroenterology,Dubin-Johnson Syndrome,ABSENT,0,,
Gastroenterology,Wilson Disease,OWNS ENTRY,5,03_Gastrointestinal.md#Wilson's Disease,
Gastroenterology,Gilbert's Syndrome,ABSENT,0,,
Gastroenterology,Polycystic liver disease,ABSENT,0,weak-signal:Polycystic=14,
Gastroenterology,Rotor Syndrome,ABSENT,0,,
Gastroenterology,Acute Liver Failure,ABSENT,0,,
Gastroenterology,Biliary obstruction,IN A TAUGHT SECTION,6,03_Gastrointestinal.md#Ascending Cholangitis,
Gastroenterology,Choledocholithiasis,IN A TAUGHT SECTION,1,03_Gastrointestinal.md#Acute Cholecystitis,
Gastroenterology,Cholelithiasis,ABSENT,0,,
Gastroenterology,Fatty Liver,OWNS ENTRY,5,03_Gastrointestinal.md#Non-Alcoholic Fatty Liver Disease (NAFLD),
Gastroenterology,Gallbladder Disease,MENTIONED,1,,
Gastroenterology,Gallstone ileus,ABSENT,0,weak-signal:Gallstone=28,
Gastroenterology,Gallstones,IN A TAUGHT SECTION,28,03_Gastrointestinal.md#Acute Cholecystitis,
Gastroenterology,Hepatic encephalopathy,OWNS ENTRY,8,03_Gastrointestinal.md#Hepatic encephalopathy,
Gastroenterology,Hyperbilirubinemia,IN A TAUGHT SECTION,1,03_Gastrointestinal.md#Hepatitis A,
Gastroenterology,Liver Cirrhosis,IN A TAUGHT SECTION,4,03_Gastrointestinal.md#Alcohol-Related Liver Disease (ArLD),
Gastroenterology,Liver Disease,OWNS ENTRY,60,03_Gastrointestinal.md#Alcohol-Related Liver Disease (ArLD),
Gastroenterology,Liver failure,IN A TAUGHT SECTION,13,02_Respiratory.md#Cystic Fibrosis,
Gastroenterology,Malabsorption,OWNS ENTRY,33,03_Gastrointestinal.md#Malabsorption,
Gastroenterology,Non-Alcoholic Fatty Liver Disease,OWNS ENTRY,2,03_Gastrointestinal.md#Non-Alcoholic Fatty Liver Disease (NAFLD),
Gastroenterology,Non-alcoholic steatohepatitis,IN A TAUGHT SECTION,1,03_Gastrointestinal.md#Non-Alcoholic Fatty Liver Disease (NAFLD),
Gastroenterology,Plummer-Vinson syndrome,OWNS ENTRY,1,03_Gastrointestinal.md#Plummer-Vinson Syndrome,
Gastroenterology,Stool Impaction,ABSENT,0,weak-signal:Impaction=10,
Gastroenterology,Barrett's esophagus,OWNS ENTRY,4,13_06b_ENT_-_Dysphagia_and_Oesophageal_Pathology.md#Barrett's oesophagus,
Gastroenterology,Colorectal cancer (CRC),OWNS ENTRY,25,03_Gastrointestinal.md#Colorectal Cancer,
Gastroenterology,Colorectal Polyps,IN A TAUGHT SECTION,1,10_11b_Oncology_-_Genetic_Cancer_Predisposition_Syndromes.md#Familial adenomatous polyposis (FAP),
Gastroenterology,Esophageal cancer,IN A TAUGHT SECTION,2,13_06b_ENT_-_Dysphagia_and_Oesophageal_Pathology.md#Dysphagia — approach,
Gastroenterology,Esophageal obstruction,ABSENT,0,weak-signal:obstruction=174,
Gastroenterology,Gastric adenomatous polyp,ABSENT,0,weak-signal:adenomatous=3,
Gastroenterology,Gastrointestinal stromal tumour,ABSENT,0,weak-signal:Gastrointestinal=92,
Gastroenterology,Hepatic adenoma,ABSENT,0,,
Gastroenterology,Intraductal papillary mucinous neoplasm,ABSENT,0,,
Gastroenterology,Large bowel obstruction,OWNS ENTRY,3,03_Gastrointestinal.md#Large Bowel Obstruction (LBO),
Gastroenterology,Liver cancer,OWNS ENTRY,2,03_Gastrointestinal.md#Liver Cancers,
Gastroenterology,Pancreatic cancer,OWNS ENTRY,6,03_Gastrointestinal.md#Pancreatic Cancer,
Gastroenterology,Pancreatic neuroendocrine tumour,IN A TAUGHT SECTION,2,10_11b_Oncology_-_Genetic_Cancer_Predisposition_Syndromes.md#Von Hippel-Lindau disease,
Gastroenterology,Pancreatic tumour,MENTIONED,1,,
Gastroenterology,Squamous cell carcinoma of anal canal,ABSENT,0,weak-signal:Squamous=19,
Gastroenterology,Stomach cancer,ABSENT,0,,
Gastroenterology,Tubular adenoma,ABSENT,0,,
Gastroenterology,Villous adenoma,MENTIONED,1,,
Gastroenterology,Anal fissure,OWNS ENTRY,9,03_Gastrointestinal.md#Anal Fissures,
Gastroenterology,Biloma,ABSENT,0,,
Gastroenterology,Boerhaave's syndrome,OWNS ENTRY,0,03_Gastrointestinal.md#Boerhaave Syndrome,
Gastroenterology,Bowel Obstruction,OWNS ENTRY,17,03_Gastrointestinal.md#Small Bowel Obstruction (SBO),
Gastroenterology,Bowel perforation,IN A TAUGHT SECTION,3,15_23a_Paeds_-_NEC__Neonatal_Hypoglycaemia__Hypotonia.md#Necrotising enterocolitis (NEC),
Gastroenterology,Esophageal Injury,IN A TAUGHT SECTION,1,02_Respiratory.md#Small cell lung cancer (SCLC) — 15% of lung cancers,
Gastroenterology,Esophageal perforation,ABSENT,0,weak-signal:perforation=43,
Gastroenterology,Esophageal Ulceration,ABSENT,0,weak-signal:Esophageal=41,
Gastroenterology,Esophagitis,IN A TAUGHT SECTION,6,03_Gastrointestinal.md#GORD,
Gastroenterology,Hepatic Injury,ABSENT,0,,
Gastroenterology,Mallory-Weiss Syndrome,ABSENT,0,,
Gastroenterology,Mallory-Weiss tear,OWNS ENTRY,3,03_Gastrointestinal.md#Mallory-Weiss Tear,
Gastroenterology,Solitary rectal ulcer syndrome,ABSENT,0,weak-signal:Solitary=10,
Gastroenterology,Angiodysplasia,MENTIONED,1,,
Gastroenterology,Bowel Ischemia,IN A TAUGHT SECTION,1,03_Gastrointestinal.md#Types,
Gastroenterology,Budd-Chiari syndrome,MENTIONED,2,,
Gastroenterology,Dieulafoy's lesion,MENTIONED,1,,
Gastroenterology,Diverticular Bleeding,ABSENT,0,weak-signal:Diverticular=8,
Gastroenterology,Esophageal varices,IN A TAUGHT SECTION,3,03_Gastrointestinal.md#Alcohol-Related Liver Disease (ArLD),
Gastroenterology,Gastric Antral Vascular Ectasia,ACRONYM MATCH ONLY,32,generated-initialism match only - not evidence of coverage,
Gastroenterology,Gastric varices,IN A TAUGHT SECTION,3,03_Gastrointestinal.md#Cirrhosis,
Gastroenterology,Intestinal ischemia,ABSENT,0,weak-signal:Intestinal=27,
Gastroenterology,Ischaemic Bowel,OWNS ENTRY,1,03_Gastrointestinal.md#Ischaemic Bowel Disease,
Gastroenterology,Ischemic Colitis,MENTIONED,4,,
Gastroenterology,Lower Gastrointestinal Bleeding,ABSENT,0,weak-signal:Gastrointestinal=92,
Gastroenterology,Mesenteric thrombosis,ABSENT,0,weak-signal:Mesenteric=13,
Gastroenterology,Portal Hypertension,IN A TAUGHT SECTION,19,01_Cardiovascular.md#0.36 Pulmonary Hypertension,
Gastroenterology,Splenic infarct,MENTIONED,2,,
Gastroenterology,Upper Gastrointestinal Bleeding,ABSENT,0,weak-signal:Gastrointestinal=92,
"Haematology, Genetics and Oncology",Sickle cell trait,MENTIONED,1,,
"Haematology, Genetics and Oncology",Autoimmune hemolytic anemia,OWNS ENTRY,2,10_05_Haemonc_-_Normocytic_Anaemia_and_Sickle_Cell_Disease.md#Autoimmune haemolytic anaemia (AIHA),
"Haematology, Genetics and Oncology",Idiopathic thrombocytopenic purpura (ITP),OWNS ENTRY,13,10_07_Haemonc_-_Platelet_and_Clotting_Disorders__Neutropaenia.md#Immune thrombocytopenia (ITP),
"Haematology, Genetics and Oncology",Immune Thrombocytopenia,OWNS ENTRY,4,10_07_Haemonc_-_Platelet_and_Clotting_Disorders__Neutropaenia.md#Immune thrombocytopenia (ITP),
"Haematology, Genetics and Oncology",Pernicious anemia,IN A TAUGHT SECTION,4,03_Gastrointestinal.md#Autoimmune Hepatitis,
"Haematology, Genetics and Oncology",Thrombotic thrombocytopenic purpura (TTP),OWNS ENTRY,3,10_05_Haemonc_-_Normocytic_Anaemia_and_Sickle_Cell_Disease.md#Thrombotic thrombocytopaenic purpura (TTP),
"Haematology, Genetics and Oncology",Congenital bleeding disorders,ABSENT,0,weak-signal:disorders=161,
"Haematology, Genetics and Oncology",Congenital lymphedema,ABSENT,0,weak-signal:lymphedema=5,
"Haematology, Genetics and Oncology",Dermoid Cyst,IN A TAUGHT SECTION,4,10_11b_Oncology_-_Genetic_Cancer_Predisposition_Syndromes.md#Familial adenomatous polyposis (FAP),
"Haematology, Genetics and Oncology",Disorders of Sexual Differentiation (DSD),ABSENT,0,weak-signal:Differentiation=9,
"Haematology, Genetics and Oncology",Hamartoma,IN A TAUGHT SECTION,2,04_Neurology.md#Tuberous Sclerosis,
"Haematology, Genetics and Oncology",Agranulocytosis,IN A TAUGHT SECTION,9,06_Metabolic_Medicine_and_Endocrinology.md#Graves' Disease,
"Haematology, Genetics and Oncology",Anemia of Chronic Disease,OWNS ENTRY,6,10_04_Haemonc_-_Anaemia_Overview_and_Microcytic_Anaemia.md#Anaemia of chronic disease,
"Haematology, Genetics and Oncology",Aplastic anemia,OWNS ENTRY,5,10_04_Haemonc_-_Anaemia_Overview_and_Microcytic_Anaemia.md#Aplastic anaemia,
"Haematology, Genetics and Oncology",BRCA1 mutation,ABSENT,0,weak-signal:mutation=102,
"Haematology, Genetics and Oncology",BRCA2 mutation,OWNS ENTRY,0,10_11b_Oncology_-_Genetic_Cancer_Predisposition_Syndromes.md#BRCA1 and BRCA2 mutations,
"Haematology, Genetics and Oncology",Carney triad,ABSENT,0,,
"Haematology, Genetics and Oncology",Clotting disorder,IN A TAUGHT SECTION,20,01_Cardiovascular.md#0.28 Deep Vein Thrombosis (DVT),
"Haematology, Genetics and Oncology",Coagulation Defects,OWNS ENTRY,1,16_14-15_Obstetric_Emergencies.md#DIC & coagulation defects,
"Haematology, Genetics and Oncology",Cowden syndrome,ABSENT,0,,
"Haematology, Genetics and Oncology",Dyskeratosis congenita,ABSENT,0,,
"Haematology, Genetics and Oncology",Erdheim-Chester disease,ABSENT,0,,
"Haematology, Genetics and Oncology",Factor V Leiden,OWNS ENTRY,3,10_06b_Haemonc_-_Thrombophilia__APS__Thrombocytosis__Methaemoglobinaemia.md#Factor V Leiden,
"Haematology, Genetics and Oncology",Factor XI Deficiency,IN A TAUGHT SECTION,1,15_21b_Paeds_-_Fragile_X__Achondroplasia__Noonan__Marfan.md#Noonan syndrome,
"Haematology, Genetics and Oncology",Familial adenomatous polyposis,OWNS ENTRY,1,10_11b_Oncology_-_Genetic_Cancer_Predisposition_Syndromes.md#Familial adenomatous polyposis (FAP),
"Haematology, Genetics and Oncology",Familial Colon Cancer Syndromes,ABSENT,0,weak-signal:Syndromes=33,
"Haematology, Genetics and Oncology",Familial Mediterranean Fever,ABSENT,0,weak-signal:Mediterranean=5,
"Haematology, Genetics and Oncology",Familial Medullary Thyroid Cancer,MENTIONED,1,,
"Haematology, Genetics and Oncology",Fanconi anemia,OWNS ENTRY,3,10_06a_Haemonc_-_Macrocytic_Anaemia.md#Fanconi anaemia,
"Haematology, Genetics and Oncology",Fragile X syndrome,OWNS ENTRY,2,15_21b_Paeds_-_Fragile_X__Achondroplasia__Noonan__Marfan.md#Fragile X syndrome,
"Haematology, Genetics and Oncology",Gardner's syndrome,IN A TAUGHT SECTION,2,10_11b_Oncology_-_Genetic_Cancer_Predisposition_Syndromes.md#Familial adenomatous polyposis (FAP),
"Haematology, Genetics and Oncology",Gaucher's Disease,MENTIONED,1,,
"Haematology, Genetics and Oncology",Genetic/congenital disease,OWNS ENTRY,157,15_18b_Paeds_-_Genetic_Disorders_Inheritance_Summary.md#Genetic disorders — quick reference by inheritance pattern,
"Haematology, Genetics and Oncology",Glanzmann's thrombasthenia,MENTIONED,1,,
"Haematology, Genetics and Oncology",Glucose-6-Phosphate Dehydrogenase Deficiency,ABSENT,0,weak-signal:Dehydrogenase=4,
"Haematology, Genetics and Oncology",Gorlin syndrome,ABSENT,0,,
"Haematology, Genetics and Oncology",Hemophilia A,IN A TAUGHT SECTION,7,10_07_Haemonc_-_Platelet_and_Clotting_Disorders__Neutropaenia.md#Haemophilia,
"Haematology, Genetics and Oncology",Hemophilia B,IN A TAUGHT SECTION,3,10_07_Haemonc_-_Platelet_and_Clotting_Disorders__Neutropaenia.md#Haemophilia,
"Haematology, Genetics and Oncology",Hereditary Breast and Ovarian Cancer Syndrome,ABSENT,0,weak-signal:Hereditary=24,
"Haematology, Genetics and Oncology",Hereditary diffuse gastric carcinoma,ABSENT,0,weak-signal:Hereditary=24,
"Haematology, Genetics and Oncology",Hereditary Elliptocytosis,IN A TAUGHT SECTION,1,15_14_Paeds_-_Anaemia__Sickle_Cell__Hereditary_Spherocytosis__HSP.md#Hereditary spherocytosis,
"Haematology, Genetics and Oncology",Hereditary Hemochromatosis,ABSENT,0,weak-signal:Hemochromatosis=18,
"Haematology, Genetics and Oncology",Hereditary Non-Polyposis Colon Cancer,ACRONYM MATCH ONLY,6,generated-initialism match only - not evidence of coverage,
"Haematology, Genetics and Oncology",Hereditary nonpolyposis colorectal cancer,IN A TAUGHT SECTION,1,10_11b_Oncology_-_Genetic_Cancer_Predisposition_Syndromes.md#Lynch syndrome,
"Haematology, Genetics and Oncology",Hereditary spherocytosis,OWNS ENTRY,11,10_05_Haemonc_-_Normocytic_Anaemia_and_Sickle_Cell_Disease.md#Hereditary spherocytosis,
"Haematology, Genetics and Oncology",Heparin-induced thrombocytopenia with thrombosis (HITT),ABSENT,0,weak-signal:thrombocytopenia=25,
"Haematology, Genetics and Oncology",Idiopathic Myelofibrosis,ABSENT,0,weak-signal:Myelofibrosis=5,
"Haematology, Genetics and Oncology",Rosai-Dorfman disease,ABSENT,0,,
"Haematology, Genetics and Oncology",Transfusion reaction,IN A TAUGHT SECTION,2,09_01_Dermatology_-_Dermatological_Emergencies.md#Anaphylaxis,
"Haematology, Genetics and Oncology",Febrile Neutropenia,IN A TAUGHT SECTION,5,10_01_Haemonc_-_Leukaemias_and_Myeloproliferative_Disorders.md#Acute lymphoblastic leukaemia (ALL),
"Haematology, Genetics and Oncology",Reactive lymphadenopathy,MENTIONED,2,,
"Haematology, Genetics and Oncology",Alpha-1 Antitrypsin Deficiency,IN A TAUGHT SECTION,2,02_Respiratory.md#COPD,
"Haematology, Genetics and Oncology",Antithrombin deficiency,ABSENT,0,weak-signal:Antithrombin=6,
"Haematology, Genetics and Oncology",Apert's syndrome,ABSENT,0,,
"Haematology, Genetics and Oncology",Autosomal recessive polycystic kidney disease,ACRONYM MATCH ONLY,1,generated-initialism match only - not evidence of coverage,
"Haematology, Genetics and Oncology",BCR-ABL transcript,ABSENT,0,weak-signal:transcript=6,
"Haematology, Genetics and Oncology",Beckwith-Wiedemann syndrome,IN A TAUGHT SECTION,3,15_09a_Paeds_-_Congenital_Abdominal_Wall_and_GI_Anomalies.md#Gastroschisis and omphalocele,
"Haematology, Genetics and Oncology",Bernard Soulier syndrome,MENTIONED,1,,
"Haematology, Genetics and Oncology",Bloom's syndrome,ABSENT,0,,
"Haematology, Genetics and Oncology",Cri Du Chat syndrome,OWNS ENTRY,1,15_21a_Paeds_-_Microdeletion_Syndromes__Cri_du_Chat__DiGeorge__Williams_.md#Cri du chat syndrome,
"Haematology, Genetics and Oncology",DiGeorge syndrome,OWNS ENTRY,8,10_03a_Haemonc_-_Primary_Immunodeficiencies.md#DiGeorge syndrome,
"Haematology, Genetics and Oncology",Down Syndrome,OWNS ENTRY,21,15_20a_Paeds_-_Trisomies_and_Sex_Chromosome_Disorders.md#Down syndrome (Trisomy 21),
"Haematology, Genetics and Oncology",Down's syndrome,OWNS ENTRY,21,15_20a_Paeds_-_Trisomies_and_Sex_Chromosome_Disorders.md#Down syndrome (Trisomy 21),
"Haematology, Genetics and Oncology",Edwards syndrome,OWNS ENTRY,2,15_20a_Paeds_-_Trisomies_and_Sex_Chromosome_Disorders.md#Edwards syndrome (Trisomy 18),
"Haematology, Genetics and Oncology",Klinefelter Syndrome,OWNS ENTRY,3,15_20a_Paeds_-_Trisomies_and_Sex_Chromosome_Disorders.md#Klinefelter syndrome,
"Haematology, Genetics and Oncology",Li-Fraumeni syndrome,OWNS ENTRY,1,10_11b_Oncology_-_Genetic_Cancer_Predisposition_Syndromes.md#Li-Fraumeni syndrome,
"Haematology, Genetics and Oncology",Lynch Syndrome,OWNS ENTRY,4,10_11b_Oncology_-_Genetic_Cancer_Predisposition_Syndromes.md#Lynch syndrome,
"Haematology, Genetics and Oncology",Milroy disease,ABSENT,0,,
"Haematology, Genetics and Oncology",Mucopolysaccharidoses,ABSENT,0,,
"Haematology, Genetics and Oncology",Myotonic dystrophy,MENTIONED,2,,
"Haematology, Genetics and Oncology",Neurofibromatosis,OWNS ENTRY,8,04_Neurology.md#Neurofibromatosis,
"Haematology, Genetics and Oncology",Neurofibromatosis type 1,ABSENT,0,weak-signal:Neurofibromatosis=8,
"Haematology, Genetics and Oncology",Neurofibromatosis Type 2,IN A TAUGHT SECTION,2,13_03_ENT_-_Deafness_and_Vertigo_Conditions.md#Vestibular schwannoma (acoustic neuroma),
"Haematology, Genetics and Oncology",Niemann-Pick disease,ABSENT,0,,
"Haematology, Genetics and Oncology",Noonan Syndrome,OWNS ENTRY,2,15_21b_Paeds_-_Fragile_X__Achondroplasia__Noonan__Marfan.md#Noonan syndrome,
"Haematology, Genetics and Oncology",Oculocutaneous Albinism,MENTIONED,1,,
"Haematology, Genetics and Oncology",Patau syndrome,OWNS ENTRY,1,15_20a_Paeds_-_Trisomies_and_Sex_Chromosome_Disorders.md#Patau syndrome (Trisomy 13),
"Haematology, Genetics and Oncology",Peutz-Jegher syndrome,ABSENT,0,,
"Haematology, Genetics and Oncology",Peutz-Jeghers Syndrome,ABSENT,0,,
"Haematology, Genetics and Oncology",Pfeiffer's syndrome,ABSENT,0,,
"Haematology, Genetics and Oncology",Potocki-Lupski syndrome,ABSENT,0,,
"Haematology, Genetics and Oncology",Prader-Willi,OWNS ENTRY,5,15_20b_Paeds_-_Imprinting_Disorders__Prader-Willi__Angelman_.md#Prader-Willi syndrome (PWS),
"Haematology, Genetics and Oncology",Prader-Willi syndrome,OWNS ENTRY,3,15_20b_Paeds_-_Imprinting_Disorders__Prader-Willi__Angelman_.md#Prader-Willi syndrome (PWS),
"Haematology, Genetics and Oncology",Protein C deficiency,ABSENT,0,,
"Haematology, Genetics and Oncology",Protein S deficiency,ABSENT,0,,
"Haematology, Genetics and Oncology",Prothrombin 20210A variant,ABSENT,0,weak-signal:Prothrombin=10,
"Haematology, Genetics and Oncology",Prothrombin mutation,ABSENT,0,weak-signal:Prothrombin=10,
"Haematology, Genetics and Oncology",Saethre-Chotzen syndrome,ABSENT,0,,
"Haematology, Genetics and Oncology",Shwachman-Diamond syndrome,ABSENT,0,,
"Haematology, Genetics and Oncology",Sickle cell,OWNS ENTRY,51,10_05_Haemonc_-_Normocytic_Anaemia_and_Sickle_Cell_Disease.md#Sickle cell disease,
"Haematology, Genetics and Oncology",Sickle Cell Disease,OWNS ENTRY,41,10_05_Haemonc_-_Normocytic_Anaemia_and_Sickle_Cell_Disease.md#Sickle cell disease,
"Haematology, Genetics and Oncology",Tangier Disease,ABSENT,0,,
"Haematology, Genetics and Oncology",Tay Sachs Disease,OWNS ENTRY,2,15_17b_Paeds_-_Glycogen_Storage_Disorders__PKU__Lysosomal_Storage_Diseases.md#Tay-Sachs disease,
"Haematology, Genetics and Oncology",Thalassemia,OWNS ENTRY,18,10_04_Haemonc_-_Anaemia_Overview_and_Microcytic_Anaemia.md#β-thalassaemia,
"Haematology, Genetics and Oncology",Trisomy 13,OWNS ENTRY,1,15_20a_Paeds_-_Trisomies_and_Sex_Chromosome_Disorders.md#Patau syndrome (Trisomy 13),
"Haematology, Genetics and Oncology",Trisomy 18,OWNS ENTRY,1,15_20a_Paeds_-_Trisomies_and_Sex_Chromosome_Disorders.md#Edwards syndrome (Trisomy 18),
"Haematology, Genetics and Oncology",Trisomy 21,OWNS ENTRY,2,15_20a_Paeds_-_Trisomies_and_Sex_Chromosome_Disorders.md#Down syndrome (Trisomy 21),
"Haematology, Genetics and Oncology",Tuberous Sclerosis,OWNS ENTRY,6,04_Neurology.md#Tuberous Sclerosis,
"Haematology, Genetics and Oncology",Turcot syndrome,ABSENT,0,,
"Haematology, Genetics and Oncology",Turner Syndrome,OWNS ENTRY,11,15_20a_Paeds_-_Trisomies_and_Sex_Chromosome_Disorders.md#Turner syndrome,
"Haematology, Genetics and Oncology",Turner's syndrome,OWNS ENTRY,11,15_20a_Paeds_-_Trisomies_and_Sex_Chromosome_Disorders.md#Turner syndrome,
"Haematology, Genetics and Oncology",Vascular Ehlers-Danlos Syndrome,ABSENT,0,weak-signal:Vascular=129,
"Haematology, Genetics and Oncology",Von Hippel-Lindau disease,OWNS ENTRY,0,10_11b_Oncology_-_Genetic_Cancer_Predisposition_Syndromes.md#Von Hippel-Lindau disease,
"Haematology, Genetics and Oncology",von Hippel-Lindau Syndrome,MENTIONED,1,,
"Haematology, Genetics and Oncology",von Willebrand Disease,OWNS ENTRY,9,10_07_Haemonc_-_Platelet_and_Clotting_Disorders__Neutropaenia.md#Von Willebrand disease (vWD),
"Haematology, Genetics and Oncology",Zellweger syndrome,ABSENT,0,,
"Haematology, Genetics and Oncology",Anemia,OWNS ENTRY,208,07_Renal_Medicine_and_Urology.md#CKD-Related Anaemia,
"Haematology, Genetics and Oncology",Folate Deficiency,IN A TAUGHT SECTION,14,03_Gastrointestinal.md#Alcohol-Related Liver Disease (ArLD),
"Haematology, Genetics and Oncology",Folate Deficiency Anemia,IN A TAUGHT SECTION,2,03_Gastrointestinal.md#Coeliac Disease,
"Haematology, Genetics and Oncology",Hemolytic Anemia,OWNS ENTRY,12,10_05_Haemonc_-_Normocytic_Anaemia_and_Sickle_Cell_Disease.md#Normocytic haemolytic anaemias — intrinsic causes,
"Haematology, Genetics and Oncology",Hypofibrinogenemia,ABSENT,0,,
"Haematology, Genetics and Oncology",Iron deficiency,OWNS ENTRY,35,10_04_Haemonc_-_Anaemia_Overview_and_Microcytic_Anaemia.md#Iron deficiency anaemia,
"Haematology, Genetics and Oncology",Iron Deficiency Anemia,OWNS ENTRY,17,10_04_Haemonc_-_Anaemia_Overview_and_Microcytic_Anaemia.md#Iron deficiency anaemia,
"Haematology, Genetics and Oncology",Leukemoid Reaction,ABSENT,0,,
"Haematology, Genetics and Oncology",Leukopenia,MENTIONED,2,,
"Haematology, Genetics and Oncology",Macrocytic Anemia,IN A TAUGHT SECTION,8,03_Gastrointestinal.md#Alcohol-Related Liver Disease (ArLD),
"Haematology, Genetics and Oncology",Megaloblastic Anemia,OWNS ENTRY,4,10_06a_Haemonc_-_Macrocytic_Anaemia.md#Other causes of macrocytic (non-megaloblastic) anaemia,
"Haematology, Genetics and Oncology",Methemoglobinemia,OWNS ENTRY,4,10_06b_Haemonc_-_Thrombophilia__APS__Thrombocytosis__Methaemoglobinaemia.md#Methaemoglobinaemia,
"Haematology, Genetics and Oncology",Microcytic Anemia,IN A TAUGHT SECTION,16,03_Gastrointestinal.md#Colorectal Cancer,
"Haematology, Genetics and Oncology",Normocytic Anemia,IN A TAUGHT SECTION,15,01_Cardiovascular.md#0.30 Infective Endocarditis,
"Haematology, Genetics and Oncology",Physiologic anemia,ABSENT,0,weak-signal:Physiologic=50,
"Haematology, Genetics and Oncology",Sideroblastic Anemia,OWNS ENTRY,3,10_04_Haemonc_-_Anaemia_Overview_and_Microcytic_Anaemia.md#Sideroblastic anaemia,
"Haematology, Genetics and Oncology",Thrombocytopenia,OWNS ENTRY,44,10_07_Haemonc_-_Platelet_and_Clotting_Disorders__Neutropaenia.md#Immune thrombocytopenia (ITP),
"Haematology, Genetics and Oncology",Thrombocytosis,OWNS ENTRY,6,10_06b_Haemonc_-_Thrombophilia__APS__Thrombocytosis__Methaemoglobinaemia.md#Thrombocytosis,
"Haematology, Genetics and Oncology",Tumour lysis syndrome,OWNS ENTRY,5,10_10a_Haemonc_-_Haematological_and_Oncological_Emergencies.md#Tumour lysis syndrome,
"Haematology, Genetics and Oncology",Acute Lymphoblastic Leukemia,OWNS ENTRY,3,10_01_Haemonc_-_Leukaemias_and_Myeloproliferative_Disorders.md#Acute lymphoblastic leukaemia (ALL),
"Haematology, Genetics and Oncology",Acute Myeloid Leukemia,OWNS ENTRY,2,10_01_Haemonc_-_Leukaemias_and_Myeloproliferative_Disorders.md#Acute myeloid leukaemia (AML),
"Haematology, Genetics and Oncology",Adenocarcinoma,IN A TAUGHT SECTION,12,02_Respiratory.md#Non-small cell lung cancer (NSCLC) — 80% of lung cancers,
"Haematology, Genetics and Oncology",Adenocarcinoma of lung,ABSENT,0,weak-signal:Adenocarcinoma=12,
"Haematology, Genetics and Oncology",Adenosarcoma,ABSENT,0,,
"Haematology, Genetics and Oncology",Adult Diffuse Gliomas,ABSENT,0,,
"Haematology, Genetics and Oncology",Advanced adenomas,ABSENT,0,weak-signal:Advanced=51,
"Haematology, Genetics and Oncology",Advanced cancer,IN A TAUGHT SECTION,1,07_Renal_Medicine_and_Urology.md#Prostate Cancer,
"Haematology, Genetics and Oncology",Anaplastic large cell lymphoma,ABSENT,0,weak-signal:Anaplastic=2,
"Haematology, Genetics and Oncology",Anaplastic thyroid carcinoma,ABSENT,0,weak-signal:Anaplastic=2,
"Haematology, Genetics and Oncology",Angiosarcoma,MENTIONED,2,,
"Haematology, Genetics and Oncology",Astrocytoma,MENTIONED,4,,
"Haematology, Genetics and Oncology",Atypical ductal hyperplasia,ABSENT,0,weak-signal:hyperplasia=31,
"Haematology, Genetics and Oncology",Atypical lobular hyperplasia,ABSENT,0,weak-signal:hyperplasia=31,
"Haematology, Genetics and Oncology",Atypical teratoid/rhabdoid tumour,ABSENT,0,weak-signal:Atypical=69,
"Haematology, Genetics and Oncology",Bladder Carcinoma,ABSENT,0,,
"Haematology, Genetics and Oncology",Bone metastases,OWNS ENTRY,7,10_11a_Oncology_-_Common_Cancers__Carcinogens__Tumour_Markers.md#Metastatic Disease — Bone Metastases and Metastases of Unknown Primary,
"Haematology, Genetics and Oncology",Brain tumor,OWNS ENTRY,18,04_Neurology.md#Brain Tumours,
"Haematology, Genetics and Oncology",Brain tumour,OWNS ENTRY,18,04_Neurology.md#Brain Tumours,
"Haematology, Genetics and Oncology",Breast cancer,OWNS ENTRY,45,10_12_Oncology_-_Breast.md#Breast cancer,
"Haematology, Genetics and Oncology",Breast implant-associated anaplastic large cell lymphoma (BIA-ALCL),ABSENT,0,weak-signal:associated=471,
"Haematology, Genetics and Oncology",Bronchial Carcinoid Tumour,ABSENT,0,weak-signal:Bronchial=14,
"Haematology, Genetics and Oncology",Bronchogenic carcinoma,ABSENT,0,,
"Haematology, Genetics and Oncology",Burkitt's lymphoma,MENTIONED,3,,
"Haematology, Genetics and Oncology",Cancer,OWNS ENTRY,409,02_Respiratory.md#Lung Cancers,
"Haematology, Genetics and Oncology",Carcinoma in situ (CIS),IN A TAUGHT SECTION,6,04_Neurology.md#Multiple Sclerosis (MS),
"Haematology, Genetics and Oncology",Carcinoma of the gallbladder,ABSENT,0,weak-signal:gallbladder=12,
"Haematology, Genetics and Oncology",Carcinoma of the Renal Pelvis and Ureter,ABSENT,0,,
"Haematology, Genetics and Oncology",Cardiac tumour,ABSENT,0,,
"Haematology, Genetics and Oncology",Cecal tumour,ABSENT,0,,
"Haematology, Genetics and Oncology",Cerebellar hemangioblastoma,ABSENT,0,weak-signal:hemangioblastoma=3,
"Haematology, Genetics and Oncology",Cerebral Tumour,ABSENT,0,weak-signal:Cerebral=64,
"Haematology, Genetics and Oncology",Cholangiocarcinoma,OWNS ENTRY,4,03_Gastrointestinal.md#Cholangiocarcinoma,
"Haematology, Genetics and Oncology",Chondrosarcoma,OWNS ENTRY,2,11_09a_Ortho_-_Orthopaedic_and_Bone_Malignancies.md#Chondrosarcoma,
"Haematology, Genetics and Oncology",Chordoma,ABSENT,0,,
"Haematology, Genetics and Oncology",Chronic Lymphocytic Leukemia,OWNS ENTRY,1,10_01_Haemonc_-_Leukaemias_and_Myeloproliferative_Disorders.md#Chronic lymphocytic leukaemia (CLL),
"Haematology, Genetics and Oncology",Chronic Myeloid Leukemia,OWNS ENTRY,2,10_01_Haemonc_-_Leukaemias_and_Myeloproliferative_Disorders.md#Chronic myeloid leukaemia (CML),
"Haematology, Genetics and Oncology",CLL,OWNS ENTRY,7,10_01_Haemonc_-_Leukaemias_and_Myeloproliferative_Disorders.md#Chronic lymphocytic leukaemia (CLL),
"Haematology, Genetics and Oncology",Colorectal carcinoma,IN A TAUGHT SECTION,1,17_09_Cervical__Vaginal_and_Endometrial_Cancer.md#Endometrial cancer,
"Haematology, Genetics and Oncology",Cystadenocarcinoma,ABSENT,0,,
"Haematology, Genetics and Oncology",Cystadenoma,MENTIONED,2,,
"Haematology, Genetics and Oncology",Drop-metastases,ABSENT,0,weak-signal:metastases=52,
"Haematology, Genetics and Oncology",Ductal carcinoma in situ,IN A TAUGHT SECTION,1,10_12_Oncology_-_Breast.md#Breast cancer,
"Haematology, Genetics and Oncology",Duodenal cancer,ABSENT,0,weak-signal:Duodenal=15,
"Haematology, Genetics and Oncology",Dysembryoplastic neuroepithelial tumour,ABSENT,0,,
"Haematology, Genetics and Oncology",Dysgerminoma,ABSENT,0,,
"Haematology, Genetics and Oncology",Dysplasia,OWNS ENTRY,21,11_10_Ortho_-_Paediatric_Orthopaedics.md#Developmental dysplasia of the hip (DDH),
"Haematology, Genetics and Oncology",Embryonal carcinoma,IN A TAUGHT SECTION,1,07_Renal_Medicine_and_Urology.md#Testicular Cancer,
"Haematology, Genetics and Oncology",Embryonal Cell Carcinoma,ABSENT,0,weak-signal:Embryonal=4,
"Haematology, Genetics and Oncology",Ependymoma,IN A TAUGHT SECTION,2,04_Neurology.md#Neurofibromatosis,
"Haematology, Genetics and Oncology",Erythrocytosis,ABSENT,0,,
"Haematology, Genetics and Oncology",Esophageal carcinoma,OWNS ENTRY,3,13_06b_ENT_-_Dysphagia_and_Oesophageal_Pathology.md#Oesophageal carcinoma,
"Haematology, Genetics and Oncology",Essential Thrombocythemia,MENTIONED,1,,
"Haematology, Genetics and Oncology",Esthesioneuroblastoma,ABSENT,0,,
"Haematology, Genetics and Oncology",Ewing sarcoma,OWNS ENTRY,2,11_09a_Ortho_-_Orthopaedic_and_Bone_Malignancies.md#Ewing's sarcoma,
"Haematology, Genetics and Oncology",Ewing's sarcoma,OWNS ENTRY,2,11_09a_Ortho_-_Orthopaedic_and_Bone_Malignancies.md#Ewing's sarcoma,
"Haematology, Genetics and Oncology",Fibroma,MENTIONED,1,,
"Haematology, Genetics and Oncology",Fibrosarcoma,MENTIONED,1,,
"Haematology, Genetics and Oncology",Follicular thyroid carcinoma,ABSENT,0,weak-signal:Follicular=15,
"Haematology, Genetics and Oncology",Gastric Carcinoma,ABSENT,0,,
"Haematology, Genetics and Oncology",Germinoma,ABSENT,0,,
"Haematology, Genetics and Oncology",Giant cell tumour,OWNS ENTRY,2,11_09a_Ortho_-_Orthopaedic_and_Bone_Malignancies.md#Giant cell tumour,
"Haematology, Genetics and Oncology",Glioblastoma Multiforme,MENTIONED,1,,
"Haematology, Genetics and Oncology",Glioma,MENTIONED,2,,
"Haematology, Genetics and Oncology",Hemangioblastoma,IN A TAUGHT SECTION,3,10_11b_Oncology_-_Genetic_Cancer_Predisposition_Syndromes.md#Von Hippel-Lindau disease,
"Haematology, Genetics and Oncology",Hepatocarcinoma,ABSENT,0,,
"Haematology, Genetics and Oncology",Hepatocellular carcinoma,OWNS ENTRY,3,03_Gastrointestinal.md#Hepatocellular Carcinoma (HCC),
"Haematology, Genetics and Oncology",Histiocytic sarcoma,ABSENT,0,,
"Haematology, Genetics and Oncology",Hodgkin Lymphoma,OWNS ENTRY,12,10_02_Haemonc_-_Lymphomas_and_Multiple_Myeloma.md#0.1 Non-Hodgkin's lymphoma (NHL),
"Haematology, Genetics and Oncology",Hodgkin's Lymphoma,OWNS ENTRY,12,10_02_Haemonc_-_Lymphomas_and_Multiple_Myeloma.md#0.1 Non-Hodgkin's lymphoma (NHL),
"Haematology, Genetics and Oncology",Hürthle cell carcinoma,ABSENT,0,,
"Haematology, Genetics and Oncology",Immature teratoma,ABSENT,0,weak-signal:Immature=6,
"Haematology, Genetics and Oncology",Inflammatory breast carcinoma,ABSENT,0,weak-signal:Inflammatory=190,
"Haematology, Genetics and Oncology",Invasive ductal carcinoma,IN A TAUGHT SECTION,1,10_12_Oncology_-_Breast.md#Breast cancer,
"Haematology, Genetics and Oncology",Invasive lobular carcinoma,IN A TAUGHT SECTION,1,10_12_Oncology_-_Breast.md#Breast cancer,
"Haematology, Genetics and Oncology",Kaposi Sarcoma,MENTIONED,1,,
"Haematology, Genetics and Oncology",Klatskin tumour,ABSENT,0,,
"Haematology, Genetics and Oncology",Krukenberg tumour,ABSENT,0,,
"Haematology, Genetics and Oncology",Langerhans cell histiocytosis,ABSENT,0,weak-signal:histiocytosis=1,
"Haematology, Genetics and Oncology",Large cell carcinoma,IN A TAUGHT SECTION,1,02_Respiratory.md#Non-small cell lung cancer (NSCLC) — 80% of lung cancers,
"Haematology, Genetics and Oncology",Leiomyosarcoma,ABSENT,0,,
"Haematology, Genetics and Oncology",Leukemia,OWNS ENTRY,43,10_01_Haemonc_-_Leukaemias_and_Myeloproliferative_Disorders.md#Acute lymphoblastic leukaemia (ALL),
"Haematology, Genetics and Oncology",Lobular carcinoma in situ,IN A TAUGHT SECTION,1,10_12_Oncology_-_Breast.md#Breast cancer,
"Haematology, Genetics and Oncology",Lung cancer,OWNS ENTRY,34,02_Respiratory.md#Lung Cancers,
"Haematology, Genetics and Oncology",Lung malignancy,ABSENT,0,weak-signal:malignancy=155,
"Haematology, Genetics and Oncology",Lymphoma,OWNS ENTRY,66,04_Neurology.md#Primary CNS Lymphoma,
"Haematology, Genetics and Oncology",Lymphoplasmacytic Lymphoma,ABSENT,0,,
"Haematology, Genetics and Oncology",Malignant melanoma of anal canal,ABSENT,0,weak-signal:melanoma=43,
"Haematology, Genetics and Oncology",Malignant pelvic tumours,ABSENT,0,,
"Haematology, Genetics and Oncology",Mantle cell lymphoma,MENTIONED,2,,
"Haematology, Genetics and Oncology",Marjolin's ulcer,IN A TAUGHT SECTION,4,09_02_Dermatology_-_Melanocytic_Lesions_and_Mimickers.md#Melanoma,
"Haematology, Genetics and Oncology",Mediastinal Masses,IN A TAUGHT SECTION,2,10_01_Haemonc_-_Leukaemias_and_Myeloproliferative_Disorders.md#Acute lymphoblastic leukaemia (ALL),
"Haematology, Genetics and Oncology",Medulloblastoma,MENTIONED,3,,
"Haematology, Genetics and Oncology",Meningeal melanoma,ABSENT,0,weak-signal:Meningeal=6,
"Haematology, Genetics and Oncology",Merkel cell carcinoma,ABSENT,0,,
"Haematology, Genetics and Oncology",Mesothelioma,OWNS ENTRY,5,02_Respiratory.md#Mesothelioma,
"Haematology, Genetics and Oncology",Metastatic disease,OWNS ENTRY,17,10_11a_Oncology_-_Common_Cancers__Carcinogens__Tumour_Markers.md#Metastatic Disease — Bone Metastases and Metastases of Unknown Primary,
"Haematology, Genetics and Oncology",Metastatic Tumours,ABSENT,0,weak-signal:Metastatic=44,
"Haematology, Genetics and Oncology",Minor salivary gland tumours,ABSENT,0,weak-signal:salivary=8,
"Haematology, Genetics and Oncology",Monoclonal gammopathy,IN A TAUGHT SECTION,2,04_Neurology.md#Chronic Inflammatory Demyelinating (Poly)Neuropathy (CIDP),
"Haematology, Genetics and Oncology",Monoclonal Gammopathy of Unknown Significance,ACRONYM MATCH ONLY,8,generated-initialism match only - not evidence of coverage,
"Haematology, Genetics and Oncology",Mucoepidermoid carcinoma,MENTIONED,1,,
"Haematology, Genetics and Oncology",Multiple myeloma,OWNS ENTRY,15,10_02_Haemonc_-_Lymphomas_and_Multiple_Myeloma.md#0.3 Multiple myeloma,
"Haematology, Genetics and Oncology",Mycosis Fungoides,MENTIONED,1,,
"Haematology, Genetics and Oncology",Myelodysplastic Syndromes,OWNS ENTRY,0,10_01_Haemonc_-_Leukaemias_and_Myeloproliferative_Disorders.md#Myelodysplastic syndromes (MDS),
"Haematology, Genetics and Oncology",Myeloproliferative disease,IN A TAUGHT SECTION,1,09_02_Dermatology_-_Melanocytic_Lesions_and_Mimickers.md#Pyoderma gangrenosum,
"Haematology, Genetics and Oncology",Myeloproliferative disorders,IN A TAUGHT SECTION,15,10_01_Haemonc_-_Leukaemias_and_Myeloproliferative_Disorders.md#Myelofibrosis,
"Haematology, Genetics and Oncology",Myeloproliferative Neoplasms,IN A TAUGHT SECTION,1,10_06b_Haemonc_-_Thrombophilia__APS__Thrombocytosis__Methaemoglobinaemia.md#Essential thrombocytosis,
"Haematology, Genetics and Oncology",Nasopharyngeal carcinoma,MENTIONED,1,,
"Haematology, Genetics and Oncology",Neoplasms,OWNS ENTRY,14,10_02_Haemonc_-_Lymphomas_and_Multiple_Myeloma.md#0.1.1 Neoplasms of B cells,
"Haematology, Genetics and Oncology",Neuroblastoma,OWNS ENTRY,7,15_07_Paeds_-_Abdominal_Pain__Neuroblastoma__Coeliac_Disease__Malnutrition__Diarrhoea_and_Vomiting.md#Neuroblastoma,
"Haematology, Genetics and Oncology",Neurofibroma,OWNS ENTRY,9,04_Neurology.md#Neurofibromatosis,
"Haematology, Genetics and Oncology",Non-Hodgkin Lymphoma,OWNS ENTRY,4,10_02_Haemonc_-_Lymphomas_and_Multiple_Myeloma.md#0.1 Non-Hodgkin's lymphoma (NHL),
"Haematology, Genetics and Oncology",Non-Seminomatous Germ Cell Tumour (NSGCT),IN A TAUGHT SECTION,8,07_Renal_Medicine_and_Urology.md#Testicular Cancer,
"Haematology, Genetics and Oncology",Non-Small Cell Lung Cancer,OWNS ENTRY,0,02_Respiratory.md#Non-small cell lung cancer (NSCLC) — 80% of lung cancers,
"Haematology, Genetics and Oncology",Oligodendroglioma,MENTIONED,1,,
"Haematology, Genetics and Oncology",Oncocytoma,ABSENT,0,,
"Haematology, Genetics and Oncology",Optic glioma,ABSENT,0,,
"Haematology, Genetics and Oncology",Osteosarcoma,OWNS ENTRY,3,11_09a_Ortho_-_Orthopaedic_and_Bone_Malignancies.md#Osteosarcoma,
"Haematology, Genetics and Oncology",Ovarian cancer,OWNS ENTRY,17,17_10_Ovarian_Cancer__Cysts_and_Torsion.md#Ovarian cancer,
"Haematology, Genetics and Oncology",Ovarian tumour,IN A TAUGHT SECTION,4,02_Respiratory.md#Pleural Effusions,
"Haematology, Genetics and Oncology",Paraganglioma,ABSENT,0,,
"Haematology, Genetics and Oncology",Pineoblastoma,ABSENT,0,,
"Haematology, Genetics and Oncology",Pineocytoma,ABSENT,0,,
"Haematology, Genetics and Oncology",Plasmacytoma,IN A TAUGHT SECTION,1,10_02_Haemonc_-_Lymphomas_and_Multiple_Myeloma.md#0.3 Multiple myeloma,
"Haematology, Genetics and Oncology",Polycythemia,OWNS ENTRY,15,10_01_Haemonc_-_Leukaemias_and_Myeloproliferative_Disorders.md#Polycythaemia vera (PV),
"Haematology, Genetics and Oncology",Polycythemia rubra vera,MENTIONED,1,,
"Haematology, Genetics and Oncology",Polycythemia Vera,OWNS ENTRY,2,10_01_Haemonc_-_Leukaemias_and_Myeloproliferative_Disorders.md#Polycythaemia vera (PV),
"Haematology, Genetics and Oncology",Primary Central Nervous System Lymphoma,ABSENT,0,weak-signal:Lymphoma=70,
"Haematology, Genetics and Oncology",Prostate Cancer,OWNS ENTRY,14,07_Renal_Medicine_and_Urology.md#Prostate Cancer,
"Haematology, Genetics and Oncology",Pseudomyxoma peritonei,OWNS ENTRY,1,17_10_Ovarian_Cancer__Cysts_and_Torsion.md#Pseudomyxoma peritonei,
"Haematology, Genetics and Oncology",Pulmonary Neoplasm,ABSENT,0,weak-signal:Pulmonary=135,
"Haematology, Genetics and Oncology",Reticulum cell sarcoma,ABSENT,0,weak-signal:Reticulum=2,
"Haematology, Genetics and Oncology",Retinoblastoma,IN A TAUGHT SECTION,3,11_09a_Ortho_-_Orthopaedic_and_Bone_Malignancies.md#Osteosarcoma,
"Haematology, Genetics and Oncology",Rhabdomyoma,IN A TAUGHT SECTION,1,04_Neurology.md#Tuberous Sclerosis,
"Haematology, Genetics and Oncology",Rhabdomyosarcoma,ABSENT,0,,
"Haematology, Genetics and Oncology",Sarcoma,OWNS ENTRY,8,11_09a_Ortho_-_Orthopaedic_and_Bone_Malignancies.md#Ewing's sarcoma,
"Haematology, Genetics and Oncology",Sezary Syndrome,MENTIONED,2,,
"Haematology, Genetics and Oncology",Small cell lung cancer,OWNS ENTRY,3,02_Respiratory.md#Small cell lung cancer (SCLC) — 15% of lung cancers,
"Haematology, Genetics and Oncology",Soft tissue sarcoma,ABSENT,0,,
"Haematology, Genetics and Oncology",Teratoma,IN A TAUGHT SECTION,3,07_Renal_Medicine_and_Urology.md#Testicular Cancer,
"Haematology, Genetics and Oncology",Thymoma,OWNS ENTRY,7,10_09b_Haemonc_-_Miscellaneous_Haematology.md#Thymoma,
"Haematology, Genetics and Oncology",Tumour,OWNS ENTRY,283,03_Gastrointestinal.md#Primary liver tumours summary,
"Haematology, Genetics and Oncology",Hematoma,OWNS ENTRY,42,04_Neurology.md#Subdural Haematoma,
"Haematology, Genetics and Oncology",Bleeding disorder,IN A TAUGHT SECTION,17,05_Ophthalmology.md#Subconjunctival Haemorrhage,
"Haematology, Genetics and Oncology",Disseminated intravascular coagulation (DIC),OWNS ENTRY,43,10_05_Haemonc_-_Normocytic_Anaemia_and_Sickle_Cell_Disease.md#Disseminated intravascular coagulation (DIC),
"Haematology, Genetics and Oncology",Hypercoagulable Disorders,ABSENT,0,weak-signal:Hypercoagulable=7,
"Haematology, Genetics and Oncology",Hypercoagulable states,IN A TAUGHT SECTION,7,03_Gastrointestinal.md#Ischaemic Bowel Disease,
"Haematology, Genetics and Oncology",Hyperviscosity,IN A TAUGHT SECTION,6,06_Metabolic_Medicine_and_Endocrinology.md#Hyperosmolar Hyperglycaemic State (HHS),
"Haematology, Genetics and Oncology",Hyperviscosity Syndrome,IN A TAUGHT SECTION,1,10_02_Haemonc_-_Lymphomas_and_Multiple_Myeloma.md#0.3.1 Other plasma cell disorders,
"Haematology, Genetics and Oncology",Microangiopathic Hemolytic Anemia,IN A TAUGHT SECTION,3,10_05_Haemonc_-_Normocytic_Anaemia_and_Sickle_Cell_Disease.md#Thrombotic thrombocytopaenic purpura (TTP),
"Haematology, Genetics and Oncology",Thrombotic microangiopathy,IN A TAUGHT SECTION,1,15_11_Paeds_-_Urological_and_Renal_Anomalies__Wilms_Tumour__HUS.md#Haemolytic uraemic syndrome (HUS),
"Haematology, Genetics and Oncology",Paroxysmal Nocturnal Hemoglobinuria (PNH),OWNS ENTRY,1,10_05_Haemonc_-_Normocytic_Anaemia_and_Sickle_Cell_Disease.md#Paroxysmal nocturnal haemoglobinuria (PNH),
"Haematology, Genetics and Oncology",Severe Combined Immunodeficiency (SCID),OWNS ENTRY,10,10_03a_Haemonc_-_Primary_Immunodeficiencies.md#Severe combined immunodeficiency (SCID),
"Haematology, Genetics and Oncology",Malignant Spinal Cord Compression,OWNS ENTRY,7,04_Neurology.md#Malignant Spinal Cord Compression (MSCC),
"Haematology, Genetics and Oncology",Waldenström Macroglobulinemia,IN A TAUGHT SECTION,1,10_02_Haemonc_-_Lymphomas_and_Multiple_Myeloma.md#0.3.1 Other plasma cell disorders,
Immunology and Allergy,Anaphylactic reaction,MENTIONED,1,,
Immunology and Allergy,Angioedema,OWNS ENTRY,20,09_01_Dermatology_-_Dermatological_Emergencies.md#Acute urticaria and angioedema,
Immunology and Allergy,Antibiotic allergies,ABSENT,0,weak-signal:Antibiotic=360,
Immunology and Allergy,Hay fever,OWNS ENTRY,4,13_04_ENT_-_Nose__Rhinosinusitis__Fractures__CSF_Rhinorrhoea__Epistaxis__Nasal_Cancers_.md#Allergic Rhinitis (Hay Fever),
Immunology and Allergy,Penicillin allergy,IN A TAUGHT SECTION,10,02_Respiratory.md#Community-acquired pneumonia (CAP),
Immunology and Allergy,Sulfa allergy,IN A TAUGHT SECTION,1,02_Respiratory.md#Pneumonia in immunocompromised patients,
Immunology and Allergy,Autoimmune conditions,IN A TAUGHT SECTION,7,04_Neurology.md#Chronic Inflammatory Demyelinating (Poly)Neuropathy (CIDP),
Immunology and Allergy,Immune thrombocytopenic purpura,IN A TAUGHT SECTION,1,10_07_Haemonc_-_Platelet_and_Clotting_Disorders__Neutropaenia.md#Immune thrombocytopenia (ITP),
Immunology and Allergy,Immunologic reactions,ABSENT,0,weak-signal:Immunologic=6,
Immunology and Allergy,Isoimmunization,ABSENT,0,,
Immunology and Allergy,Sjogren syndrome,OWNS ENTRY,7,12_03_Rheum_-_Connective_Tissue_Diseases__SLE__Systemic_Sclerosis__Dermatomyositis__Polymyositis__Sjogren_.md#Sjögren syndrome,
Immunology and Allergy,Sjögren syndrome,OWNS ENTRY,7,12_03_Rheum_-_Connective_Tissue_Diseases__SLE__Systemic_Sclerosis__Dermatomyositis__Polymyositis__Sjogren_.md#Sjögren syndrome,
Immunology and Allergy,Systemic lupus erythematosus (SLE),OWNS ENTRY,55,12_03_Rheum_-_Connective_Tissue_Diseases__SLE__Systemic_Sclerosis__Dermatomyositis__Polymyositis__Sjogren_.md#Systemic lupus erythematosus (SLE),
Immunology and Allergy,Systemic sclerosis (Scleroderma),OWNS ENTRY,19,12_03_Rheum_-_Connective_Tissue_Diseases__SLE__Systemic_Sclerosis__Dermatomyositis__Polymyositis__Sjogren_.md#Systemic sclerosis (scleroderma),
Immunology and Allergy,Vasculitis,OWNS ENTRY,70,09_01_Dermatology_-_Dermatological_Emergencies.md#Cutaneous vasculitis,
Immunology and Allergy,Allergic rhinitis,OWNS ENTRY,15,13_04_ENT_-_Nose__Rhinosinusitis__Fractures__CSF_Rhinorrhoea__Epistaxis__Nasal_Cancers_.md#Allergic Rhinitis (Hay Fever),
Immunology and Allergy,Thymic hypoplasia,IN A TAUGHT SECTION,3,10_03a_Haemonc_-_Primary_Immunodeficiencies.md#DiGeorge syndrome,
Immunology and Allergy,Drug Reaction with Eosinophilia and Systemic Symptoms,IN A TAUGHT SECTION,2,09_01_Dermatology_-_Dermatological_Emergencies.md#Cutaneous Drug Eruptions (Overview and Spectrum),
Immunology and Allergy,Serum sickness,MENTIONED,1,,
Immunology and Allergy,Serum Sickness-Like Reaction,ABSENT,0,weak-signal:Sickness=5,
Immunology and Allergy,Angioneurotic edema,ABSENT,0,,
Immunology and Allergy,Chronic granulomatous disease,OWNS ENTRY,2,10_03a_Haemonc_-_Primary_Immunodeficiencies.md#Chronic granulomatous disease,
Immunology and Allergy,Hereditary Angioedema,OWNS ENTRY,5,10_09b_Haemonc_-_Miscellaneous_Haematology.md#Hereditary angioedema,
Immunology and Allergy,Wiskott-Aldrich syndrome,OWNS ENTRY,2,10_03a_Haemonc_-_Primary_Immunodeficiencies.md#Wiskott-Aldrich syndrome,
Immunology and Allergy,Cytokine release syndrome,ABSENT,0,weak-signal:Cytokine=7,
Immunology and Allergy,Graft versus host disease,OWNS ENTRY,4,10_10b_Haemonc_-_Transplant_Medicine.md#Graft versus host disease (GVHD),
Immunology and Allergy,Idiosyncratic reactions,ABSENT,0,,
Immunology and Allergy,Cervical lymphadenitis,ABSENT,0,weak-signal:lymphadenitis=1,
Immunology and Allergy,Lymphadenitis,MENTIONED,1,,
Immunology and Allergy,Immune Reconstitution Inflammatory Syndrome,IN A TAUGHT SECTION,2,04_Neurology.md#Cryptococcosis,
Immunology and Allergy,Rheumatic Fever,OWNS ENTRY,23,01_Cardiovascular.md#0.22 Rheumatic Fever,
"Toxicology, Environmental and Trauma",Alcohol Intoxication,MENTIONED,1,,
"Toxicology, Environmental and Trauma",Alcohol overdose,ABSENT,0,weak-signal:overdose=19,
"Toxicology, Environmental and Trauma",Amniotic band disruption sequence,ABSENT,0,weak-signal:disruption=28,
"Toxicology, Environmental and Trauma",Fetal alcohol spectrum disorder,ABSENT,0,weak-signal:spectrum=68,
"Toxicology, Environmental and Trauma",Benzodiazepine intoxication,ABSENT,0,weak-signal:Benzodiazepine=32,
"Toxicology, Environmental and Trauma",Benzodiazepine overdose,ABSENT,0,weak-signal:Benzodiazepine=32,
"Toxicology, Environmental and Trauma",Cannabinoid Hyperemesis Syndrome,ABSENT,0,,
"Toxicology, Environmental and Trauma",Cocaine Toxicity,MENTIONED,1,,
"Toxicology, Environmental and Trauma",Digoxin Toxicity,OWNS ENTRY,5,14a-2_Psych_-_Overdose_and_Poisoning_Management.md#Digoxin toxicity — detail,
"Toxicology, Environmental and Trauma",Drug fever,MENTIONED,4,,
"Toxicology, Environmental and Trauma",Neuroleptic Malignant Syndrome,OWNS ENTRY,3,04_Neurology.md#Serotonin Syndrome and Neuroleptic Malignant Syndrome (NMS),
"Toxicology, Environmental and Trauma",Opioid Overdose,MENTIONED,3,,
"Toxicology, Environmental and Trauma",Salicylate Overdose,ABSENT,0,weak-signal:Salicylate=7,
"Toxicology, Environmental and Trauma",TCA Overdose,ABSENT,0,weak-signal:Overdose=19,
"Toxicology, Environmental and Trauma",Acetaminophen Overdose,ABSENT,0,,
"Toxicology, Environmental and Trauma",Adverse drug reaction,ABSENT,0,weak-signal:reaction=104,
"Toxicology, Environmental and Trauma",Food poisoning,MENTIONED,3,,
"Toxicology, Environmental and Trauma",Heat Exhaustion,ABSENT,0,weak-signal:Exhaustion=11,
"Toxicology, Environmental and Trauma",Heat Stroke,ABSENT,0,,
"Toxicology, Environmental and Trauma",Hypothermia,OWNS ENTRY,19,01_Cardiovascular.md#0.12.11 Hypothermia,
"Toxicology, Environmental and Trauma",Lead poisoning,OWNS ENTRY,3,10_04_Haemonc_-_Anaemia_Overview_and_Microcytic_Anaemia.md#Lead poisoning,
"Toxicology, Environmental and Trauma",Lead toxicity,MENTIONED,1,,
"Toxicology, Environmental and Trauma",Manganism,ABSENT,0,,
"Toxicology, Environmental and Trauma",Mercury poisoning,ABSENT,0,weak-signal:poisoning=15,
"Toxicology, Environmental and Trauma",Methanol Poisoning,ABSENT,0,weak-signal:Poisoning=15,
"Toxicology, Environmental and Trauma",Paralytic shellfish poisoning,ABSENT,0,weak-signal:Paralytic=6,
"Toxicology, Environmental and Trauma",Child Abuse,IN A TAUGHT SECTION,9,18_Geriatrics_and_Older_Persons_Health.md#Abuse of Older People (Elder Abuse) and Carer Stress,
"Toxicology, Environmental and Trauma",Domestic Violence,MENTIONED,3,,
"Toxicology, Environmental and Trauma",Sexual abuse,OWNS ENTRY,17,15_24a_Paeds_-_Non-Accidental_Injury_and_Sexual_Abuse.md#Sexual abuse,
"Toxicology, Environmental and Trauma",Shaken baby syndrome,IN A TAUGHT SECTION,1,04_Neurology.md#Subdural Haematoma,
"Toxicology, Environmental and Trauma",Ankle fracture,OWNS ENTRY,1,11_05_Ortho_-_Knee_and_Ankle.md#Ankle fractures,
"Toxicology, Environmental and Trauma",Arterial transection,ABSENT,0,weak-signal:transection=3,
"Toxicology, Environmental and Trauma",Asbestosis,OWNS ENTRY,6,02_Respiratory.md#Asbestosis,
"Toxicology, Environmental and Trauma",Avulsion,IN A TAUGHT SECTION,6,11_03_Ortho_-_Hand_and_Foot.md#Metatarsal fracture,
"Toxicology, Environmental and Trauma",Barotrauma,IN A TAUGHT SECTION,3,13_02_ENT_-_Hearing_Loss__Tinnitus__Vertigo__DDx_Charts_.md#Hearing loss — differential diagnosis,
"Toxicology, Environmental and Trauma",Basal Skull Fracture,MENTIONED,4,,
"Toxicology, Environmental and Trauma",Bladder Rupture,ABSENT,0,,
"Toxicology, Environmental and Trauma",Burn Injuries,MENTIONED,2,,
"Toxicology, Environmental and Trauma",Burns,OWNS ENTRY,75,11_09b_Ortho_-_Trauma.md#Burns and Scalds,
"Toxicology, Environmental and Trauma",Carbon monoxide (CO) poisoning,MENTIONED,1,,
"Toxicology, Environmental and Trauma",Caustic ingestion,ABSENT,0,weak-signal:ingestion=18,
"Toxicology, Environmental and Trauma",Cervical spine trauma,ABSENT,0,weak-signal:Cervical=118,
"Toxicology, Environmental and Trauma",Chemical burn,MENTIONED,1,,
"Toxicology, Environmental and Trauma",Closed fracture,OWNS ENTRY,2,11_01_Ortho_-_Orthopaedic_Emergencies.md#Management of closed fractures,
"Toxicology, Environmental and Trauma",Coal Worker's Pneumoconiosis (CWP),IN A TAUGHT SECTION,2,02_Respiratory.md#Pneumoconioses (Occupational Lung Disease — brief overview),
"Toxicology, Environmental and Trauma",Concussion,ABSENT,0,,
"Toxicology, Environmental and Trauma",Contrecoup injury,ABSENT,0,,
"Toxicology, Environmental and Trauma",Contusion,IN A TAUGHT SECTION,7,04_Neurology.md#Head Injury,
"Toxicology, Environmental and Trauma",Coup injury,ABSENT,0,,
"Toxicology, Environmental and Trauma",Crush injuries,IN A TAUGHT SECTION,5,11_01_Ortho_-_Orthopaedic_Emergencies.md#Rhabdomyolysis,
"Toxicology, Environmental and Trauma",Cyanide Poisoning,MENTIONED,1,,
"Toxicology, Environmental and Trauma",Decompression sickness,ABSENT,0,weak-signal:Decompression=45,
"Toxicology, Environmental and Trauma",Diffuse Axonal Injury,IN A TAUGHT SECTION,1,04_Neurology.md#Head Injury,
"Toxicology, Environmental and Trauma",Drowning,MENTIONED,1,,
"Toxicology, Environmental and Trauma",Electrical burn,ABSENT,0,weak-signal:Electrical=21,
"Toxicology, Environmental and Trauma",Epidural Hematoma,OWNS ENTRY,2,04_Neurology.md#Extradural (Epidural) Haematoma,
"Toxicology, Environmental and Trauma",Erb's palsy,OWNS ENTRY,4,11_07a_Ortho_-_Dermatomes_and_Myotomes_Reference.md#Brachial Plexus Injury — Erb's Palsy vs Klumpke's Palsy,
"Toxicology, Environmental and Trauma",Esophageal Rupture,ABSENT,0,weak-signal:Esophageal=41,
"Toxicology, Environmental and Trauma",Ethmoid fracture,MENTIONED,1,,
"Toxicology, Environmental and Trauma",Ethylene Glycol Poisoning,ABSENT,0,weak-signal:Poisoning=15,
"Toxicology, Environmental and Trauma",External laryngeal trauma,ABSENT,0,weak-signal:laryngeal=15,
"Toxicology, Environmental and Trauma",Facial Fractures,ABSENT,0,weak-signal:Fractures=90,
"Toxicology, Environmental and Trauma",Fat embolism syndrome,ABSENT,0,weak-signal:embolism=13,
"Toxicology, Environmental and Trauma",Flail Chest,IN A TAUGHT SECTION,4,11_06_Ortho_-_Spinal_Orthopaedics.md#Rib fractures,
"Toxicology, Environmental and Trauma",Frostbite,MENTIONED,1,,
"Toxicology, Environmental and Trauma",Gangrene,IN A TAUGHT SECTION,9,01_Cardiovascular.md#0.35.1 Peripheral Arterial Disease (PAD),
"Toxicology, Environmental and Trauma",Groin hematoma,ABSENT,0,weak-signal:hematoma=39,
"Toxicology, Environmental and Trauma",Head trauma,IN A TAUGHT SECTION,6,11_06_Ortho_-_Spinal_Orthopaedics.md#Rib fractures,
"Toxicology, Environmental and Trauma",Human Bites,OWNS ENTRY,2,08_09_Infectious_Disease_-_Miscellaneous.md#Animal & human bites,
"Toxicology, Environmental and Trauma",Inhalation injury,MENTIONED,3,,
"Toxicology, Environmental and Trauma",Lacerations,IN A TAUGHT SECTION,7,03_Gastrointestinal.md#Mallory-Weiss Tear,
"Toxicology, Environmental and Trauma",Laryngeal fracture,ABSENT,0,weak-signal:Laryngeal=15,
"Toxicology, Environmental and Trauma",Le Fort I (Guerin fracture),ABSENT,0,,
"Toxicology, Environmental and Trauma",Le Fort II (Pyramidal fracture),ABSENT,0,,
"Toxicology, Environmental and Trauma",Le Fort III (Craniofacial disjunction),ABSENT,0,,
"Toxicology, Environmental and Trauma",Lid laceration,ABSENT,0,weak-signal:laceration=7,
"Toxicology, Environmental and Trauma",Mild Traumatic Brain Injury,ABSENT,0,weak-signal:Traumatic=37,
"Toxicology, Environmental and Trauma",Monteggia fracture,OWNS ENTRY,1,11_02_Ortho_-_Upper_Limb__Shoulder__Elbow__Distal_Radius_Fractures_.md#Monteggia's fracture,
"Toxicology, Environmental and Trauma",Nasal Fracture,OWNS ENTRY,1,13_04_ENT_-_Nose__Rhinosinusitis__Fractures__CSF_Rhinorrhoea__Epistaxis__Nasal_Cancers_.md#Nasal fractures,
"Toxicology, Environmental and Trauma",Neurotrauma,ABSENT,0,,
"Toxicology, Environmental and Trauma",Odontoid fracture,ABSENT,0,,
"Toxicology, Environmental and Trauma",Olecranon fracture,ABSENT,0,weak-signal:Olecranon=2,
"Toxicology, Environmental and Trauma",Orbital Floor Fracture (Blow-out fracture),ABSENT,0,weak-signal:Fracture=300,
"Toxicology, Environmental and Trauma",Pelvic fracture,IN A TAUGHT SECTION,9,07_Renal_Medicine_and_Urology.md#Erectile Dysfunction (ED),
"Toxicology, Environmental and Trauma",Physeal injury,ABSENT,0,,
"Toxicology, Environmental and Trauma",Pulmonary contusion,MENTIONED,2,,
"Toxicology, Environmental and Trauma",Puncture wounds,ABSENT,0,weak-signal:Puncture=10,
"Toxicology, Environmental and Trauma",Radiation burn,ABSENT,0,weak-signal:Radiation=34,
"Toxicology, Environmental and Trauma",Renal Contusion,ABSENT,0,weak-signal:Contusion=7,
"Toxicology, Environmental and Trauma",Renal Trauma,ABSENT,0,,
"Toxicology, Environmental and Trauma",Rib fracture,OWNS ENTRY,8,11_06_Ortho_-_Spinal_Orthopaedics.md#Rib fractures,
"Toxicology, Environmental and Trauma",Ruptured Diaphragm,ABSENT,0,weak-signal:Diaphragm=20,
"Toxicology, Environmental and Trauma",Skull Fracture,IN A TAUGHT SECTION,10,04_Neurology.md#Head Injury,
"Toxicology, Environmental and Trauma",Splenic rupture,IN A TAUGHT SECTION,1,08_05-06_Infectious_Disease_-_Viral_Infections.md#Infectious mononucleosis,
"Toxicology, Environmental and Trauma",Splenic trauma,OWNS ENTRY,0,11_09b_Ortho_-_Trauma.md#Splenic trauma,
"Toxicology, Environmental and Trauma",Sunburn,MENTIONED,3,,
"Toxicology, Environmental and Trauma",Temporal bone trauma,ABSENT,0,weak-signal:Temporal=41,
"Toxicology, Environmental and Trauma",Thermal burn,ABSENT,0,,
"Toxicology, Environmental and Trauma",Traumatic Auricular Hematoma (Cauliflower Ear),ABSENT,0,weak-signal:Traumatic=37,
"Toxicology, Environmental and Trauma",Traumatic Brain Injury,IN A TAUGHT SECTION,6,04_Neurology.md#Frontotemporal Lobar Degeneration (FTLD),
"Toxicology, Environmental and Trauma",Traumatic perforation,ABSENT,0,weak-signal:perforation=43,
"Toxicology, Environmental and Trauma",Urethral Injuries,IN A TAUGHT SECTION,15,07_Renal_Medicine_and_Urology.md#Urethral and Bladder Trauma,
"Toxicology, Environmental and Trauma",Zygomatic Fracture,ABSENT,0,,
"Toxicology, Environmental and Trauma",Anticholinergic Toxicity,ABSENT,0,weak-signal:Anticholinergic=19,
"Toxicology, Environmental and Trauma",Lithium Toxicity,ABSENT,0,weak-signal:Toxicity=43,
"Toxicology, Environmental and Trauma",Organophosphate Poisoning (Cholinergic Toxicity),ABSENT,0,weak-signal:Organophosphate=1,
"Toxicology, Environmental and Trauma",Serotonin Syndrome,OWNS ENTRY,8,04_Neurology.md#Serotonin Syndrome and Neuroleptic Malignant Syndrome (NMS),
"Toxicology, Environmental and Trauma",Snake Envenomation / Spider Bite,MENTIONED,1,,
Psychiatry,Alcohol dependence,ABSENT,0,weak-signal:dependence=14,
Psychiatry,Alcohol Use Disorder,OWNS ENTRY,8,14a-1_Psych_-_Substance_Misuse__Recreational_Drug_Profiles_.md#Alcohol use disorder,
Psychiatry,Alcohol Withdrawal,OWNS ENTRY,15,03_Gastrointestinal.md#Alcohol withdrawal,
Psychiatry,Delirium Tremens,MENTIONED,2,,
Psychiatry,Acute Psychosis,IN A TAUGHT SECTION,1,14_03_Psych_-_Psychotic_Disorders_and_Antipsychotics.md#Postpartum (Puerperal) Psychosis,
Psychiatry,Acute Stress Disorder,OWNS ENTRY,2,14_02_Psych_-_Anxiety_and_Related_Disorders.md#Acute stress disorder,
Psychiatry,Adjustment Disorder,ABSENT,0,weak-signal:Adjustment=14,
Psychiatry,Agoraphobia,ABSENT,0,,
Psychiatry,Anorexia nervosa,OWNS ENTRY,4,14_05a_Psych_-_Eating_Disorders.md#Anorexia nervosa,
Psychiatry,Antisocial Personality Disorder,OWNS ENTRY,1,14_04_Psych_-_Personality_Disorders.md#Antisocial personality disorder,
Psychiatry,Anxiety Disorder,OWNS ENTRY,7,14_02_Psych_-_Anxiety_and_Related_Disorders.md#Generalised anxiety disorder (GAD),
Psychiatry,Attention Deficit Hyperactivity Disorder,OWNS ENTRY,5,14_07_Psych_-_Attention_Deficit_Hyperactivity_Disorder.md#Attention deficit hyperactivity disorder (ADHD),
Psychiatry,Autism Spectrum Disorder,OWNS ENTRY,6,15_13b_Paeds_-_Autism_Spectrum_Disorder_and_Cleft_Lip_Palate.md#Autism spectrum disorder (ASD),
Psychiatry,Avoidant Personality Disorder,OWNS ENTRY,0,14_04_Psych_-_Personality_Disorders.md#Avoidant personality disorder,
Psychiatry,Avoidant/Restrictive Food Intake Disorder,OWNS ENTRY,4,14_04_Psych_-_Personality_Disorders.md#Avoidant personality disorder,
Psychiatry,Binge-Eating Disorder,OWNS ENTRY,4,14_05a_Psych_-_Eating_Disorders.md#Binge-eating disorder,
Psychiatry,Bipolar Disorder,OWNS ENTRY,23,14_01_Psych_-_Mood_Disorders__Depression__Suicide__Bipolar_.md#Bipolar disorder,
Psychiatry,Bipolar I Disorder,ABSENT,0,,
Psychiatry,Bipolar II Disorder,ABSENT,0,,
Psychiatry,Body Dysmorphic Disorder,MENTIONED,1,,
Psychiatry,Borderline Personality Disorder,OWNS ENTRY,3,14_04_Psych_-_Personality_Disorders.md#Borderline personality disorder (emotionally unstable personality disorder),
Psychiatry,Brief Psychotic Disorder,IN A TAUGHT SECTION,1,14_03_Psych_-_Psychotic_Disorders_and_Antipsychotics.md#Psychosis,
Psychiatry,Bulimia Nervosa,OWNS ENTRY,8,14_05a_Psych_-_Eating_Disorders.md#Bulimia nervosa,
Psychiatry,Conduct Disorder,MENTIONED,2,,
Psychiatry,Confusion Assessment Method (CAM),ABSENT,0,weak-signal:Assessment=305,
Psychiatry,Conversion Disorder,OWNS ENTRY,2,14_05c_Psych_-_Unexplained_Symptoms__Somatoform__Dissociative__Factitious_Disorders_.md#Conversion disorder (functional neurological disorder),
Psychiatry,Cyclothymia,OWNS ENTRY,4,14_01_Psych_-_Mood_Disorders__Depression__Suicide__Bipolar_.md#Cyclothymia (cyclothymic disorder),
Psychiatry,Delusional Disorder,ABSENT,0,weak-signal:Delusional=3,
Psychiatry,Dependent Personality Disorder,OWNS ENTRY,0,14_04_Psych_-_Personality_Disorders.md#Dependent personality disorder,
Psychiatry,Depersonalization/Derealization Disorder,ABSENT,0,,
Psychiatry,Disruptive Mood Dysregulation Disorder,ABSENT,0,weak-signal:Dysregulation=7,
Psychiatry,Dissociative Amnesia,MENTIONED,1,,
Psychiatry,Dissociative Identity Disorder,MENTIONED,1,,
Psychiatry,Eating Disorders,OWNS ENTRY,17,14_05a_Psych_-_Eating_Disorders.md#Binge-eating disorder,
Psychiatry,Excoriation Disorder,ABSENT,0,weak-signal:Excoriation=6,
Psychiatry,Factitious Disorder,OWNS ENTRY,3,14_05c_Psych_-_Unexplained_Symptoms__Somatoform__Dissociative__Factitious_Disorders_.md#Factitious disorder (Munchausen's syndrome),
Psychiatry,Gender Dysphoria,ABSENT,0,weak-signal:Dysphoria=1,
Psychiatry,Generalized Anxiety Disorder,ABSENT,0,,
Psychiatry,Histrionic Personality Disorder,OWNS ENTRY,0,14_04_Psych_-_Personality_Disorders.md#Histrionic personality disorder,
Psychiatry,Hoarding Disorder,ABSENT,0,,
Psychiatry,Hypersomnolence Disorder,ABSENT,0,,
Psychiatry,Illness Anxiety Disorder,OWNS ENTRY,1,14_05c_Psych_-_Unexplained_Symptoms__Somatoform__Dissociative__Factitious_Disorders_.md#Illness anxiety disorder (hypochondriasis),
Psychiatry,Insomnia Disorder,ABSENT,0,weak-signal:Insomnia=12,
Psychiatry,Intermittent Explosive Disorder,ABSENT,0,weak-signal:Intermittent=38,
Psychiatry,Major Depressive Disorder,OWNS ENTRY,12,14_01_Psych_-_Mood_Disorders__Depression__Suicide__Bipolar_.md#Depression (Major depressive disorder),
Psychiatry,Malingering,OWNS ENTRY,3,14_05c_Psych_-_Unexplained_Symptoms__Somatoform__Dissociative__Factitious_Disorders_.md#Malingering,
Psychiatry,Mental disorders,MENTIONED,1,,
Psychiatry,Narcissistic Personality Disorder,OWNS ENTRY,0,14_04_Psych_-_Personality_Disorders.md#Narcissistic personality disorder,
Psychiatry,Night Terrors,ABSENT,0,,
Psychiatry,Nightmare Disorder,ABSENT,0,weak-signal:Nightmare=2,
Psychiatry,Obsessive Compulsive Disorder,OWNS ENTRY,1,14_02_Psych_-_Anxiety_and_Related_Disorders.md#Obsessive-compulsive disorder (OCD),
Psychiatry,Obsessive-Compulsive Personality Disorder,OWNS ENTRY,0,14_04_Psych_-_Personality_Disorders.md#Obsessive-compulsive personality disorder,
Psychiatry,Oppositional Defiant Disorder,MENTIONED,1,,
Psychiatry,Panic disorder,OWNS ENTRY,6,14_02_Psych_-_Anxiety_and_Related_Disorders.md#Panic disorder,
Psychiatry,Paranoid Personality Disorder,OWNS ENTRY,0,14_04_Psych_-_Personality_Disorders.md#Paranoid personality disorder,
Psychiatry,Paraphilic Disorders,ABSENT,0,,
Psychiatry,Persistent Depressive Disorder (Dysthymia),IN A TAUGHT SECTION,2,14_01_Psych_-_Mood_Disorders__Depression__Suicide__Bipolar_.md#Cyclothymia (cyclothymic disorder),
Psychiatry,Personality disorder,OWNS ENTRY,11,14_04_Psych_-_Personality_Disorders.md#Paranoid personality disorder,
Psychiatry,Phobic disorders,ABSENT,0,weak-signal:disorders=161,
Psychiatry,Phobic dizziness,ABSENT,0,weak-signal:dizziness=23,
Psychiatry,Pica,IN A TAUGHT SECTION,2,15_14_Paeds_-_Anaemia__Sickle_Cell__Hereditary_Spherocytosis__HSP.md#Iron deficiency anaemia in children,
Psychiatry,Postpartum Blues,ABSENT,0,weak-signal:Postpartum=80,
Psychiatry,Postpartum Depression,IN A TAUGHT SECTION,1,14_01_Psych_-_Mood_Disorders__Depression__Suicide__Bipolar_.md#Perinatal depression,
Psychiatry,Postpartum Mood Alterations,ABSENT,0,weak-signal:Alterations=3,
Psychiatry,Postpartum Psychosis,IN A TAUGHT SECTION,10,14_01_Psych_-_Mood_Disorders__Depression__Suicide__Bipolar_.md#Perinatal depression,
Psychiatry,Prolonged grief,ABSENT,0,weak-signal:Prolonged=114,
Psychiatry,Pseudoseizures,IN A TAUGHT SECTION,1,04_Neurology.md#Psychogenic Non-Epileptic Seizures (PNES),
Psychiatry,Psychogenic aphonia,ABSENT,0,weak-signal:Psychogenic=11,
Psychiatry,Psychosis,OWNS ENTRY,39,14_03_Psych_-_Psychotic_Disorders_and_Antipsychotics.md#Psychosis,
Psychiatry,Psychotic disorder,OWNS ENTRY,12,14_03_Psych_-_Psychotic_Disorders_and_Antipsychotics.md#Features that define psychotic disorders (DSM-5),
Psychiatry,Schizoaffective Disorder,OWNS ENTRY,3,14_03_Psych_-_Psychotic_Disorders_and_Antipsychotics.md#Schizoaffective disorder,
Psychiatry,Schizoid Personality Disorder,OWNS ENTRY,0,14_04_Psych_-_Personality_Disorders.md#Schizoid personality disorder,
Psychiatry,Schizophrenia,OWNS ENTRY,16,14_03_Psych_-_Psychotic_Disorders_and_Antipsychotics.md#Schizophrenia,
Psychiatry,Schizophreniform Disorder,ABSENT,0,,
Psychiatry,Schizotypal Personality Disorder,OWNS ENTRY,0,14_04_Psych_-_Personality_Disorders.md#Schizotypal personality disorder,
Psychiatry,Selective Mutism,ABSENT,0,weak-signal:Selective=21,
Psychiatry,Separation Anxiety Disorder,ABSENT,0,weak-signal:Separation=12,
Psychiatry,Sleep disorders,IN A TAUGHT SECTION,7,"02_Respiratory.md#Sleep Apnoea (Obstructive Sleep Apnoea, OSA)",
Psychiatry,Sleep paralysis,ABSENT,0,weak-signal:paralysis=29,
Psychiatry,Sleep Terrors,ABSENT,0,,
Psychiatry,Sleepwalking,ABSENT,0,,
Psychiatry,Social Anxiety Disorder,ABSENT,0,,
Psychiatry,Somatic Symptom Disorder,OWNS ENTRY,3,14_05c_Psych_-_Unexplained_Symptoms__Somatoform__Dissociative__Factitious_Disorders_.md#Somatic symptom disorder (somatisation disorder),
Psychiatry,Somatization Disorder,ABSENT,0,,
Psychiatry,Somnambulism,ABSENT,0,,
Psychiatry,Specific Phobias,OWNS ENTRY,5,14_02_Psych_-_Anxiety_and_Related_Disorders.md#Specific phobia,
Psychiatry,Stimulant Use Disorder,ABSENT,0,weak-signal:Stimulant=14,
Psychiatry,Substance use disorders,IN A TAUGHT SECTION,4,14a-1_Psych_-_Substance_Misuse__Recreational_Drug_Profiles_.md#Gambling disorder (gambling-related harms),
Psychiatry,Suicide,OWNS ENTRY,28,14_01_Psych_-_Mood_Disorders__Depression__Suicide__Bipolar_.md#Suicide,
Psychiatry,Trichotillomania,MENTIONED,1,,
Psychiatry,Vaginismus,ABSENT,0,,
Psychiatry,Willful soiling,ABSENT,0,,
Psychiatry,Intellectual disability,IN A TAUGHT SECTION,10,10_03a_Haemonc_-_Primary_Immunodeficiencies.md#DiGeorge syndrome,
Psychiatry,Cannabis Use Disorder,ABSENT,0,weak-signal:Cannabis=3,
Psychiatry,Discontinuation Syndrome,MENTIONED,1,,
Psychiatry,Hallucinogen Persisting Perception Disorder,ABSENT,0,weak-signal:Hallucinogen=1,
Psychiatry,Neurocognitive disorders,ABSENT,0,weak-signal:Neurocognitive=1,
Psychiatry,Opioid Use Disorder,IN A TAUGHT SECTION,2,04_Neurology.md#Opioid Toxicity,
Psychiatry,Opioid withdrawal,IN A TAUGHT SECTION,1,04_Neurology.md#Opioid Toxicity,
Psychiatry,Tardive Dyskinesia,MENTIONED,1,,
Psychiatry,Delirium,OWNS ENTRY,73,04_Neurology.md#Delirium,
Psychiatry,Premenstrual dysphoric disorder,OWNS ENTRY,0,17_02_Menorrhagia__PMS__Menopause__HRT.md#Premenstrual dysphoric disorder (PMDD),
Psychiatry,Tourette's Syndrome,MENTIONED,1,,
Psychiatry,Bereavement,MENTIONED,3,,
Psychiatry,Burnout,MENTIONED,1,,
Psychiatry,Compassion fatigue,ABSENT,0,weak-signal:Compassion=2,
Psychiatry,Complicated grief,ABSENT,0,weak-signal:Complicated=19,
Psychiatry,Psychological abuse,ABSENT,0,weak-signal:Psychological=45,
Psychiatry,Sensory deprivation,ABSENT,0,weak-signal:deprivation=17,
Psychiatry,Post Traumatic Stress Disorder (PTSD),OWNS ENTRY,6,14_02_Psych_-_Anxiety_and_Related_Disorders.md#Post-traumatic stress disorder (PTSD),
Psychiatry,Functional Neurological Symptom Disorder (FNSD),ABSENT,0,weak-signal:Neurological=153,
Psychiatry,Panic Attack,IN A TAUGHT SECTION,3,14_02_Psych_-_Anxiety_and_Related_Disorders.md#Panic disorder,
Psychiatry,Substance-Induced Psychotic Disorder,ABSENT,0,weak-signal:Substance=65,
Rheumatology and Musculoskeletal,Ankylosing spondylitis (AS),OWNS ENTRY,18,12_02_Rheum_-_Ankylosing_Spondylitis__Gout__Pseudogout__Reactive_Arthritis__Fibromyalgia__PMR__CFS.md#Ankylosing spondylitis,
Rheumatology and Musculoskeletal,Anti-C1q vasculitis,ABSENT,0,weak-signal:vasculitis=70,
Rheumatology and Musculoskeletal,Anti-synthetase syndrome,ABSENT,0,,
Rheumatology and Musculoskeletal,Antiphospholipid antibody syndrome (APS),OWNS ENTRY,3,10_06b_Haemonc_-_Thrombophilia__APS__Thrombocytosis__Methaemoglobinaemia.md#Antiphospholipid syndrome (APS),
Rheumatology and Musculoskeletal,Collagen disorders,ABSENT,0,weak-signal:disorders=161,
Rheumatology and Musculoskeletal,Connective tissue disease,OWNS ENTRY,20,16_01-05_Antenatal_Care.md#Connective tissue disease in pregnancy,
Rheumatology and Musculoskeletal,CREST syndrome,ABSENT,0,,
Rheumatology and Musculoskeletal,Cryoglobulinemic vasculitis,IN A TAUGHT SECTION,2,09_01_Dermatology_-_Dermatological_Emergencies.md#Cutaneous vasculitis,
Rheumatology and Musculoskeletal,Eosinophilic granulomatosis and polyangiitis (EGPA),OWNS ENTRY,8,"12_04_Rheum_-_Vasculitis.md#Eosinophilic granulomatosis with polyangiitis (EGPA, formerly Churg-Strauss)",
Rheumatology and Musculoskeletal,Felty syndrome,MENTIONED,3,,
Rheumatology and Musculoskeletal,Felty's syndrome,MENTIONED,3,,
Rheumatology and Musculoskeletal,Giant cell arteritis (GCA),OWNS ENTRY,42,04_Neurology.md#Temporal Arteritis (Giant Cell Arteritis),
Rheumatology and Musculoskeletal,Granulomatosis with polyangiitis (GPA),OWNS ENTRY,26,"12_04_Rheum_-_Vasculitis.md#Granulomatosis with polyangiitis (GPA, formerly Wegener's)",
Rheumatology and Musculoskeletal,Inclusion body myositis (IBM),ABSENT,0,weak-signal:Inclusion=5,
Rheumatology and Musculoskeletal,Jaccoud's arthritis,ABSENT,0,weak-signal:arthritis=108,
Rheumatology and Musculoskeletal,Juvenile rheumatoid arthritis,ABSENT,0,weak-signal:rheumatoid=33,
Rheumatology and Musculoskeletal,Linear scleroderma,ABSENT,0,weak-signal:scleroderma=6,
Rheumatology and Musculoskeletal,Mixed connective tissue disease (MCTD),ABSENT,0,weak-signal:connective=33,
Rheumatology and Musculoskeletal,Myositis,OWNS ENTRY,34,11_01_Ortho_-_Orthopaedic_Emergencies.md#Infective myositis (pyomyositis),
Rheumatology and Musculoskeletal,Necrotizing autoimmune myositis (NAM),IN A TAUGHT SECTION,19,09_04_Dermatology_-_Eczema__Psoriasis__Rosacea.md#Contact Dermatitis (Irritant and Allergic),
Rheumatology and Musculoskeletal,Peripheral Arthritis,IN A TAUGHT SECTION,1,12_02_Rheum_-_Ankylosing_Spondylitis__Gout__Pseudogout__Reactive_Arthritis__Fibromyalgia__PMR__CFS.md#Ankylosing spondylitis,
Rheumatology and Musculoskeletal,Polymyalgia rheumatica (PMR),OWNS ENTRY,4,12_02_Rheum_-_Ankylosing_Spondylitis__Gout__Pseudogout__Reactive_Arthritis__Fibromyalgia__PMR__CFS.md#Polymyalgia rheumatica,
Rheumatology and Musculoskeletal,Polymyositis (PM),OWNS ENTRY,4,12_03_Rheum_-_Connective_Tissue_Diseases__SLE__Systemic_Sclerosis__Dermatomyositis__Polymyositis__Sjogren_.md#Polymyositis,
Rheumatology and Musculoskeletal,Progressive Systemic Sclerosis,ABSENT,0,weak-signal:Progressive=154,
Rheumatology and Musculoskeletal,Psoriatic arthritis (PsA),OWNS ENTRY,43,12_01_Rheum_-_Rheumatoid_Arthritis__Osteoarthritis__Psoriatic_Arthritis.md#Psoriatic arthritis (PsA),
Rheumatology and Musculoskeletal,Relapsing polychondritis,ABSENT,0,,
Rheumatology and Musculoskeletal,Rheumatoid arthritis (RA),OWNS ENTRY,25,12_01_Rheum_-_Rheumatoid_Arthritis__Osteoarthritis__Psoriatic_Arthritis.md#Rheumatoid arthritis (RA),
Rheumatology and Musculoskeletal,Rheumatoid nodule,ABSENT,0,weak-signal:Rheumatoid=33,
Rheumatology and Musculoskeletal,Sacroiliitis,IN A TAUGHT SECTION,3,12_01_Rheum_-_Rheumatoid_Arthritis__Osteoarthritis__Psoriatic_Arthritis.md#Psoriatic arthritis (PsA),
Rheumatology and Musculoskeletal,Temporal arteritis,OWNS ENTRY,7,04_Neurology.md#Temporal Arteritis (Giant Cell Arteritis),
Rheumatology and Musculoskeletal,Brachysyndactyly,ABSENT,0,,
Rheumatology and Musculoskeletal,Cleft hand,ABSENT,0,,
Rheumatology and Musculoskeletal,Club foot,OWNS ENTRY,1,11_03_Ortho_-_Hand_and_Foot.md#Club foot (talipes equinovarus),
Rheumatology and Musculoskeletal,Congenital talipes equinovarus,ABSENT,0,weak-signal:equinovarus=1,
Rheumatology and Musculoskeletal,Craniosynostosis,ABSENT,0,,
Rheumatology and Musculoskeletal,Developmental dysplasia of the hip,OWNS ENTRY,4,11_10_Ortho_-_Paediatric_Orthopaedics.md#Developmental dysplasia of the hip (DDH),
Rheumatology and Musculoskeletal,Limb anomalies,ABSENT,0,weak-signal:anomalies=11,
Rheumatology and Musculoskeletal,Longitudinal absence (phocomelia),ABSENT,0,weak-signal:Longitudinal=9,
Rheumatology and Musculoskeletal,Macrodactyly,ABSENT,0,,
Rheumatology and Musculoskeletal,Madelung's deformity,ABSENT,0,weak-signal:deformity=46,
Rheumatology and Musculoskeletal,Malocclusion,MENTIONED,1,,
Rheumatology and Musculoskeletal,Pectus carinatum,IN A TAUGHT SECTION,1,15_21b_Paeds_-_Fragile_X__Achondroplasia__Noonan__Marfan.md#Noonan syndrome,
Rheumatology and Musculoskeletal,Pectus excavatum,IN A TAUGHT SECTION,1,15_21b_Paeds_-_Fragile_X__Achondroplasia__Noonan__Marfan.md#Marfan syndrome,
Rheumatology and Musculoskeletal,Poland syndrome,ABSENT,0,,
Rheumatology and Musculoskeletal,Polydactyly,IN A TAUGHT SECTION,1,15_20a_Paeds_-_Trisomies_and_Sex_Chromosome_Disorders.md#Patau syndrome (Trisomy 13),
Rheumatology and Musculoskeletal,Radial deficiency (radial club hand),ABSENT,0,,
Rheumatology and Musculoskeletal,Symbrachydactyly,ABSENT,0,,
Rheumatology and Musculoskeletal,Syndactyly,ABSENT,0,,
Rheumatology and Musculoskeletal,Thumb hypoplasia,ABSENT,0,weak-signal:hypoplasia=9,
Rheumatology and Musculoskeletal,Transverse absence (congenital amputation),ABSENT,0,weak-signal:Transverse=19,
Rheumatology and Musculoskeletal,Ulnar club hand,ABSENT,0,,
Rheumatology and Musculoskeletal,Vertebral dysgenesis,ABSENT,0,weak-signal:dysgenesis=4,
Rheumatology and Musculoskeletal,Achilles tendonitis,IN A TAUGHT SECTION,1,12_02_Rheum_-_Ankylosing_Spondylitis__Gout__Pseudogout__Reactive_Arthritis__Fibromyalgia__PMR__CFS.md#Ankylosing spondylitis,
Rheumatology and Musculoskeletal,Atlantoaxial subluxation,MENTIONED,1,,
Rheumatology and Musculoskeletal,Atypical femoral fracture,ABSENT,0,weak-signal:Atypical=69,
Rheumatology and Musculoskeletal,Baker's cyst,IN A TAUGHT SECTION,1,11_05_Ortho_-_Knee_and_Ankle.md#Bursitis & cysts of the knee,
Rheumatology and Musculoskeletal,Bicep tendinosis,ABSENT,0,weak-signal:tendinosis=4,
Rheumatology and Musculoskeletal,Bunions,ABSENT,0,,
Rheumatology and Musculoskeletal,Cervical arthritis,ABSENT,0,weak-signal:arthritis=108,
Rheumatology and Musculoskeletal,Cervical Disc Syndrome,ABSENT,0,weak-signal:Cervical=118,
Rheumatology and Musculoskeletal,Cervical spondylosis,OWNS ENTRY,3,11_06_Ortho_-_Spinal_Orthopaedics.md#Cervical spondylosis (degenerative cervical spine disease / degenerative disc disease),
Rheumatology and Musculoskeletal,Claw toe,ABSENT,0,,
Rheumatology and Musculoskeletal,Compression fracture,IN A TAUGHT SECTION,1,11_06_Ortho_-_Spinal_Orthopaedics.md#Vertebral compression (crush) fracture,
Rheumatology and Musculoskeletal,De Quervain's Tenosynovitis,OWNS ENTRY,0,11_03_Ortho_-_Hand_and_Foot.md#De Quervain's tenosynovitis,
Rheumatology and Musculoskeletal,Degenerative disc disease,OWNS ENTRY,1,11_06_Ortho_-_Spinal_Orthopaedics.md#Cervical spondylosis (degenerative cervical spine disease / degenerative disc disease),
Rheumatology and Musculoskeletal,Disc herniation,MENTIONED,1,,
Rheumatology and Musculoskeletal,Epicondylitis,OWNS ENTRY,2,11_02_Ortho_-_Upper_Limb__Shoulder__Elbow__Distal_Radius_Fractures_.md#Medial epicondylitis (golfer's elbow),
Rheumatology and Musculoskeletal,Femoroacetabular impingement,ABSENT,0,,
Rheumatology and Musculoskeletal,Flexor tenosynovitis,MENTIONED,2,,
Rheumatology and Musculoskeletal,Hallux valgus,ABSENT,0,,
Rheumatology and Musculoskeletal,Hammer toe,IN A TAUGHT SECTION,1,04_Neurology.md#Charcot-Marie-Tooth Disease,
Rheumatology and Musculoskeletal,Lumbar Disc Syndrome,ABSENT,0,,
Rheumatology and Musculoskeletal,Lumbar Spinal Stenosis,ABSENT,0,weak-signal:Stenosis=76,
Rheumatology and Musculoskeletal,Mallet toe,ABSENT,0,,
Rheumatology and Musculoskeletal,Neuropathic arthropathy (Charcot joint),OWNS ENTRY,4,11_07b_Ortho_-_Osteomyelitis__Osteochondritis_Dissecans__Fat_Embolism__Charcot_Joint__Osteomalacia.md#Charcot joint (neuropathic joint),
Rheumatology and Musculoskeletal,Osteoarthritis (OA),OWNS ENTRY,17,12_01_Rheum_-_Rheumatoid_Arthritis__Osteoarthritis__Psoriatic_Arthritis.md#Osteoarthritis (OA),
Rheumatology and Musculoskeletal,Osteophyte,MENTIONED,5,,
Rheumatology and Musculoskeletal,Patellofemoral syndrome,ABSENT,0,,
Rheumatology and Musculoskeletal,Plantar fasciitis,OWNS ENTRY,0,11_03_Ortho_-_Hand_and_Foot.md#Plantar fasciitis,
Rheumatology and Musculoskeletal,Popliteal cyst,ABSENT,0,weak-signal:Popliteal=11,
Rheumatology and Musculoskeletal,Rectus diastasis,ABSENT,0,,
Rheumatology and Musculoskeletal,Rotator cuff disease,ABSENT,0,,
Rheumatology and Musculoskeletal,Slipped capital femoral epiphysis,OWNS ENTRY,1,11_10_Ortho_-_Paediatric_Orthopaedics.md#Slipped capital femoral epiphysis (SCFE / SUFE),
Rheumatology and Musculoskeletal,Spinal stenosis,OWNS ENTRY,2,11_06_Ortho_-_Spinal_Orthopaedics.md#Spinal stenosis (lumbar spondylosis),
Rheumatology and Musculoskeletal,Spondylolisthesis,IN A TAUGHT SECTION,1,11_06_Ortho_-_Spinal_Orthopaedics.md#Spinal stenosis (lumbar spondylosis),
Rheumatology and Musculoskeletal,Spondylosis,OWNS ENTRY,5,11_06_Ortho_-_Spinal_Orthopaedics.md#Cervical spondylosis (degenerative cervical spine disease / degenerative disc disease),
Rheumatology and Musculoskeletal,Temporomandibular Joint Disease,ABSENT,0,weak-signal:Temporomandibular=1,
Rheumatology and Musculoskeletal,Trigger Finger/Thumb (Stenosing Tenosynovitis),IN A TAUGHT SECTION,1,11_03_Ortho_-_Hand_and_Foot.md#Trigger finger,
Rheumatology and Musculoskeletal,Duchenne muscular dystrophy,IN A TAUGHT SECTION,4,01_Cardiovascular.md#0.25 Dilated Cardiomyopathy,
Rheumatology and Musculoskeletal,Ehlers-Danlos,IN A TAUGHT SECTION,4,01_Cardiovascular.md#0.35.5 Aortic Dissection,
Rheumatology and Musculoskeletal,Ehlers-Danlos type IV syndrome,ABSENT,0,,
Rheumatology and Musculoskeletal,Ehlers-Danlos type VI,ABSENT,0,,
Rheumatology and Musculoskeletal,Jackson-Weiss syndrome,ABSENT,0,,
Rheumatology and Musculoskeletal,Joint hypermobility,ABSENT,0,weak-signal:hypermobility=1,
Rheumatology and Musculoskeletal,Adhesive capsulitis,OWNS ENTRY,2,11_02_Ortho_-_Upper_Limb__Shoulder__Elbow__Distal_Radius_Fractures_.md#Adhesive capsulitis (frozen shoulder),
Rheumatology and Musculoskeletal,Aneurysmal bone cyst,ABSENT,0,weak-signal:Aneurysmal=4,
Rheumatology and Musculoskeletal,Avascular necrosis (AVN),OWNS ENTRY,8,11_04_Ortho_-_Hip.md#Avascular necrosis of the hip,
Rheumatology and Musculoskeletal,Capsular contracture,ABSENT,0,weak-signal:contracture=11,
Rheumatology and Musculoskeletal,Capsulitis,OWNS ENTRY,2,11_02_Ortho_-_Upper_Limb__Shoulder__Elbow__Distal_Radius_Fractures_.md#Adhesive capsulitis (frozen shoulder),
Rheumatology and Musculoskeletal,Carpal tunnel syndrome,OWNS ENTRY,10,11_03_Ortho_-_Hand_and_Foot.md#Carpal tunnel syndrome,
Rheumatology and Musculoskeletal,Costochondritis,MENTIONED,1,,
Rheumatology and Musculoskeletal,Coxa plana,ABSENT,0,,
Rheumatology and Musculoskeletal,Cubital tunnel syndrome,OWNS ENTRY,1,11_02_Ortho_-_Upper_Limb__Shoulder__Elbow__Distal_Radius_Fractures_.md#Cubital tunnel syndrome,
Rheumatology and Musculoskeletal,Dupuytren's Contracture,OWNS ENTRY,3,11_03_Ortho_-_Hand_and_Foot.md#Dupuytren's contracture,
Rheumatology and Musculoskeletal,Fibromyalgia,OWNS ENTRY,16,12_02_Rheum_-_Ankylosing_Spondylitis__Gout__Pseudogout__Reactive_Arthritis__Fibromyalgia__PMR__CFS.md#Fibromyalgia,
Rheumatology and Musculoskeletal,Frozen shoulder,OWNS ENTRY,1,11_02_Ortho_-_Upper_Limb__Shoulder__Elbow__Distal_Radius_Fractures_.md#Adhesive capsulitis (frozen shoulder),
Rheumatology and Musculoskeletal,Ganglion Cyst,ABSENT,0,weak-signal:Ganglion=7,
Rheumatology and Musculoskeletal,Kyphoscoliosis,IN A TAUGHT SECTION,3,04_Neurology.md#Friedreich's Ataxia,
Rheumatology and Musculoskeletal,Kyphosis,OWNS ENTRY,5,11_06_Ortho_-_Spinal_Orthopaedics.md#Scheuermann's kyphosis (juvenile kyphosis),
Rheumatology and Musculoskeletal,Ledderhose's disease,ABSENT,0,,
Rheumatology and Musculoskeletal,Legg-Calve-Perthes disease,ABSENT,0,,
Rheumatology and Musculoskeletal,Musculoskeletal disorders,ABSENT,0,weak-signal:Musculoskeletal=22,
Rheumatology and Musculoskeletal,Myofascial pain syndrome,ABSENT,0,,
Rheumatology and Musculoskeletal,Ossification of the posterior longitudinal ligament,ABSENT,0,weak-signal:Ossification=2,
Rheumatology and Musculoskeletal,Osteochondritis dissecans,OWNS ENTRY,3,11_07b_Ortho_-_Osteomyelitis__Osteochondritis_Dissecans__Fat_Embolism__Charcot_Joint__Osteomalacia.md#Osteochondritis dissecans,
Rheumatology and Musculoskeletal,Scoliosis,OWNS ENTRY,21,11_06_Ortho_-_Spinal_Orthopaedics.md#Scoliosis,
Rheumatology and Musculoskeletal,Unicameral bone cyst,ABSENT,0,,
Rheumatology and Musculoskeletal,Grisel's syndrome,ABSENT,0,,
Rheumatology and Musculoskeletal,Reactive arthritis (ReA),OWNS ENTRY,20,12_02_Rheum_-_Ankylosing_Spondylitis__Gout__Pseudogout__Reactive_Arthritis__Fibromyalgia__PMR__CFS.md#Reactive arthritis,
Rheumatology and Musculoskeletal,Septic arthritis,OWNS ENTRY,35,11_01_Ortho_-_Orthopaedic_Emergencies.md#Septic arthritis,
Rheumatology and Musculoskeletal,Osteomyelitis,OWNS ENTRY,20,11_07b_Ortho_-_Osteomyelitis__Osteochondritis_Dissecans__Fat_Embolism__Charcot_Joint__Osteomalacia.md#Osteomyelitis,
Rheumatology and Musculoskeletal,Achondroplasia,OWNS ENTRY,5,15_21b_Paeds_-_Fragile_X__Achondroplasia__Noonan__Marfan.md#Achondroplasia,
Rheumatology and Musculoskeletal,Becker muscular dystrophy,IN A TAUGHT SECTION,1,15_19b_Paeds_-_Cerebral_Palsy_and_Muscular_Dystrophies.md#Muscular dystrophies,
Rheumatology and Musculoskeletal,Classical Ehlers-Danlos Syndrome,ABSENT,0,weak-signal:Classical=124,
Rheumatology and Musculoskeletal,Crouzon's syndrome,ABSENT,0,,
Rheumatology and Musculoskeletal,Primary hypertrophic osteoarthropathy,ABSENT,0,weak-signal:osteoarthropathy=1,
Rheumatology and Musculoskeletal,Skeletal dysplasia,MENTIONED,1,,
Rheumatology and Musculoskeletal,McArdle's disease,IN A TAUGHT SECTION,1,15_17b_Paeds_-_Glycogen_Storage_Disorders__PKU__Lysosomal_Storage_Diseases.md#Glycogen storage disorders,
Rheumatology and Musculoskeletal,Muscular dystrophies,OWNS ENTRY,10,15_19b_Paeds_-_Cerebral_Palsy_and_Muscular_Dystrophies.md#Muscular dystrophies,
Rheumatology and Musculoskeletal,Gout,OWNS ENTRY,27,12_02_Rheum_-_Ankylosing_Spondylitis__Gout__Pseudogout__Reactive_Arthritis__Fibromyalgia__PMR__CFS.md#Gout,
Rheumatology and Musculoskeletal,Juvenile cheiroarthropathy,ABSENT,0,,
Rheumatology and Musculoskeletal,Osteopenia,IN A TAUGHT SECTION,5,03_Gastrointestinal.md#Primary Sclerosing Cholangitis (PSC),
Rheumatology and Musculoskeletal,Osteoporosis,OWNS ENTRY,44,11_04_Ortho_-_Hip.md#Idiopathic transient osteoporosis of the hip,
Rheumatology and Musculoskeletal,Paget's disease,OWNS ENTRY,14,11_08b_Ortho_-_Paget_s_Disease_and_Osteoporosis.md#Paget's disease of the bone,
Rheumatology and Musculoskeletal,Paget's Disease of Bone,OWNS ENTRY,3,11_08b_Ortho_-_Paget_s_Disease_and_Osteoporosis.md#Paget's disease of the bone,
Rheumatology and Musculoskeletal,Pseudogout (CPPD),OWNS ENTRY,17,12_02_Rheum_-_Ankylosing_Spondylitis__Gout__Pseudogout__Reactive_Arthritis__Fibromyalgia__PMR__CFS.md#Pseudogout,
Rheumatology and Musculoskeletal,Rhabdomyolysis,OWNS ENTRY,14,11_01_Ortho_-_Orthopaedic_Emergencies.md#Rhabdomyolysis,
Rheumatology and Musculoskeletal,Tophi,IN A TAUGHT SECTION,2,12_02_Rheum_-_Ankylosing_Spondylitis__Gout__Pseudogout__Reactive_Arthritis__Fibromyalgia__PMR__CFS.md#Gout,
Rheumatology and Musculoskeletal,Enchondroma,ABSENT,0,,
Rheumatology and Musculoskeletal,Fibrous cortical defect,ABSENT,0,weak-signal:cortical=18,
Rheumatology and Musculoskeletal,Osteoblastoma,ABSENT,0,,
Rheumatology and Musculoskeletal,Osteochondroma,ABSENT,0,,
Rheumatology and Musculoskeletal,Osteoid osteoma,ABSENT,0,,
Rheumatology and Musculoskeletal,Osteomas,IN A TAUGHT SECTION,2,10_11b_Oncology_-_Genetic_Cancer_Predisposition_Syndromes.md#Familial adenomatous polyposis (FAP),
Rheumatology and Musculoskeletal,Pathologic fracture,ABSENT,0,weak-signal:Pathologic=31,
Rheumatology and Musculoskeletal,Achilles tendon rupture,ABSENT,0,weak-signal:Achilles=5,
Rheumatology and Musculoskeletal,Acromioclavicular joint pathology,ABSENT,0,,
Rheumatology and Musculoskeletal,AO Spine upper cervical spine injury classification,ABSENT,0,weak-signal:classification=95,
Rheumatology and Musculoskeletal,Bankart lesion,IN A TAUGHT SECTION,1,11_02_Ortho_-_Upper_Limb__Shoulder__Elbow__Distal_Radius_Fractures_.md#Shoulder labral tear (including SLAP lesion),
Rheumatology and Musculoskeletal,Bennett's fracture,ABSENT,0,weak-signal:fracture=300,
Rheumatology and Musculoskeletal,Boxer's fracture,OWNS ENTRY,0,11_03_Ortho_-_Hand_and_Foot.md#Boxer fracture,
Rheumatology and Musculoskeletal,Bursitis,OWNS ENTRY,10,11_02_Ortho_-_Upper_Limb__Shoulder__Elbow__Distal_Radius_Fractures_.md#Olecranon bursitis,
Rheumatology and Musculoskeletal,Burst fracture,ABSENT,0,weak-signal:fracture=300,
Rheumatology and Musculoskeletal,Butterfly fracture,ABSENT,0,weak-signal:Butterfly=3,
Rheumatology and Musculoskeletal,Calcaneal fracture,ABSENT,0,weak-signal:Calcaneal=1,
Rheumatology and Musculoskeletal,Chondral defect,ABSENT,0,,
Rheumatology and Musculoskeletal,Clavicle fracture,ABSENT,0,weak-signal:Clavicle=10,
Rheumatology and Musculoskeletal,Clay-shoveler fracture,ABSENT,0,,
Rheumatology and Musculoskeletal,Collateral ligament tear,ABSENT,0,weak-signal:Collateral=21,
Rheumatology and Musculoskeletal,Colles' fracture,OWNS ENTRY,4,11_02_Ortho_-_Upper_Limb__Shoulder__Elbow__Distal_Radius_Fractures_.md#Colles' fracture,
Rheumatology and Musculoskeletal,Comminuted fracture,ABSENT,0,weak-signal:Comminuted=3,
Rheumatology and Musculoskeletal,Compartment syndrome,OWNS ENTRY,14,11_01_Ortho_-_Orthopaedic_Emergencies.md#Compartment syndrome,
Rheumatology and Musculoskeletal,Cruciate ligament tear,ABSENT,0,,
Rheumatology and Musculoskeletal,Distal femoral fracture,ABSENT,0,weak-signal:fracture=300,
Rheumatology and Musculoskeletal,Distal humeral fracture,ABSENT,0,weak-signal:fracture=300,
Rheumatology and Musculoskeletal,Distraction fracture,ABSENT,0,weak-signal:Distraction=3,
Rheumatology and Musculoskeletal,Elbow dislocation,ABSENT,0,weak-signal:dislocation=30,
Rheumatology and Musculoskeletal,Facet fracture,ABSENT,0,weak-signal:fracture=300,
Rheumatology and Musculoskeletal,Femoral diaphysis fracture,ABSENT,0,weak-signal:diaphysis=1,
Rheumatology and Musculoskeletal,Femoral neck fracture,ABSENT,0,weak-signal:fracture=300,
Rheumatology and Musculoskeletal,Fracture,OWNS ENTRY,301,11_01_Ortho_-_Orthopaedic_Emergencies.md#Open fractures,
Rheumatology and Musculoskeletal,Fractures of the Spine,ABSENT,0,weak-signal:Fractures=90,
Rheumatology and Musculoskeletal,Galeazzi fracture,OWNS ENTRY,1,11_02_Ortho_-_Upper_Limb__Shoulder__Elbow__Distal_Radius_Fractures_.md#Galeazzi fracture,
Rheumatology and Musculoskeletal,Gamekeeper's thumb,ABSENT,0,,
Rheumatology and Musculoskeletal,Greenstick fracture,ABSENT,0,weak-signal:Greenstick=3,
Rheumatology and Musculoskeletal,Hangman fracture,ABSENT,0,weak-signal:fracture=300,
Rheumatology and Musculoskeletal,Heterotopic bone formation,ABSENT,0,,
Rheumatology and Musculoskeletal,Heterotopic ossification,ABSENT,0,weak-signal:ossification=2,
Rheumatology and Musculoskeletal,Hill-Sachs lesion,ABSENT,0,,
Rheumatology and Musculoskeletal,Hip dislocation,OWNS ENTRY,1,11_04_Ortho_-_Hip.md#Hip dislocation,
Rheumatology and Musculoskeletal,Humeral shaft fracture,MENTIONED,1,,
Rheumatology and Musculoskeletal,Intertrochanteric fracture,MENTIONED,1,,
Rheumatology and Musculoskeletal,Intra-articular fracture,IN A TAUGHT SECTION,2,11_02_Ortho_-_Upper_Limb__Shoulder__Elbow__Distal_Radius_Fractures_.md#Barton's fracture,
Rheumatology and Musculoskeletal,Jefferson fracture,ABSENT,0,,
Rheumatology and Musculoskeletal,Knee dislocation,ABSENT,0,weak-signal:dislocation=30,
Rheumatology and Musculoskeletal,Lateral collateral ligament tear,ABSENT,0,weak-signal:collateral=21,
Rheumatology and Musculoskeletal,Lisfranc fracture,ABSENT,0,,
Rheumatology and Musculoskeletal,Mallet Finger,ABSENT,0,,
Rheumatology and Musculoskeletal,Mandibular Fracture,ABSENT,0,weak-signal:Mandibular=4,
Rheumatology and Musculoskeletal,McMurray's test,ABSENT,0,,
Rheumatology and Musculoskeletal,Medial collateral ligament tear,ABSENT,0,weak-signal:collateral=21,
Rheumatology and Musculoskeletal,Medial tibial stress syndrome,ABSENT,0,,
Rheumatology and Musculoskeletal,Meniscal tear,ABSENT,0,,
Rheumatology and Musculoskeletal,Metatarsal fracture,OWNS ENTRY,2,11_03_Ortho_-_Hand_and_Foot.md#Metatarsal fracture,
Rheumatology and Musculoskeletal,Myositis ossificans,ABSENT,0,,
Rheumatology and Musculoskeletal,Nightstick fracture,ABSENT,0,,
Rheumatology and Musculoskeletal,Oblique fracture,MENTIONED,3,,
Rheumatology and Musculoskeletal,Open fracture,OWNS ENTRY,3,11_01_Ortho_-_Orthopaedic_Emergencies.md#Open fractures,
Rheumatology and Musculoskeletal,Osgood-Schlatter disease,OWNS ENTRY,0,11_10_Ortho_-_Paediatric_Orthopaedics.md#Osgood-Schlatter disease,
Rheumatology and Musculoskeletal,Patellar dislocation,ABSENT,0,weak-signal:dislocation=30,
Rheumatology and Musculoskeletal,Patellar fracture,ABSENT,0,weak-signal:Patellar=1,
Rheumatology and Musculoskeletal,Patellar tendon rupture,ABSENT,0,weak-signal:Patellar=1,
Rheumatology and Musculoskeletal,Posterior cruciate ligament tear,ABSENT,0,weak-signal:Posterior=98,
Rheumatology and Musculoskeletal,Proximal humeral fracture,MENTIONED,2,,
Rheumatology and Musculoskeletal,Quadriceps tendon rupture,ABSENT,0,weak-signal:Quadriceps=2,
Rheumatology and Musculoskeletal,Radial head fracture,ABSENT,0,weak-signal:fracture=300,
Rheumatology and Musculoskeletal,Radius shaft fracture,ABSENT,0,weak-signal:fracture=300,
Rheumatology and Musculoskeletal,Rectus sheath hematoma,MENTIONED,2,,
Rheumatology and Musculoskeletal,Rolando fracture,ABSENT,0,weak-signal:fracture=300,
Rheumatology and Musculoskeletal,Scaphoid fracture,OWNS ENTRY,1,11_03_Ortho_-_Hand_and_Foot.md#Scaphoid fracture,
Rheumatology and Musculoskeletal,Segmental fracture,MENTIONED,1,,
Rheumatology and Musculoskeletal,Shoulder dislocation,OWNS ENTRY,3,11_02_Ortho_-_Upper_Limb__Shoulder__Elbow__Distal_Radius_Fractures_.md#Shoulder dislocation,
Rheumatology and Musculoskeletal,SLAP lesion,OWNS ENTRY,1,11_02_Ortho_-_Upper_Limb__Shoulder__Elbow__Distal_Radius_Fractures_.md#Shoulder labral tear (including SLAP lesion),
Rheumatology and Musculoskeletal,Smith's fracture,OWNS ENTRY,2,11_02_Ortho_-_Upper_Limb__Shoulder__Elbow__Distal_Radius_Fractures_.md#Smith's fracture,
Rheumatology and Musculoskeletal,Spiral fracture,MENTIONED,2,,
Rheumatology and Musculoskeletal,Spondylolysis,IN A TAUGHT SECTION,2,04_Neurology.md#Diabetic Neuropathy,
Rheumatology and Musculoskeletal,Sprain,OWNS ENTRY,6,11_05_Ortho_-_Knee_and_Ankle.md#Ankle sprains,
Rheumatology and Musculoskeletal,Stener lesion,ABSENT,0,,
Rheumatology and Musculoskeletal,Strain,IN A TAUGHT SECTION,17,01_Cardiovascular.md#0.29 Pulmonary Embolism (PE),
Rheumatology and Musculoskeletal,Stress fracture,IN A TAUGHT SECTION,8,11_03_Ortho_-_Hand_and_Foot.md#Metatarsal fracture,
Rheumatology and Musculoskeletal,Subluxation,IN A TAUGHT SECTION,6,05_Ophthalmology.md#Thyroid Eye Disease,
Rheumatology and Musculoskeletal,Subtrochanteric fracture,MENTIONED,1,,
Rheumatology and Musculoskeletal,Supracondylar fracture,OWNS ENTRY,3,11_02_Ortho_-_Upper_Limb__Shoulder__Elbow__Distal_Radius_Fractures_.md#Supracondylar fracture of the humerus,
Rheumatology and Musculoskeletal,Talar fracture,ABSENT,0,weak-signal:fracture=300,
Rheumatology and Musculoskeletal,Tendinitis,OWNS ENTRY,0,11_05_Ortho_-_Knee_and_Ankle.md#Tendinitis,
Rheumatology and Musculoskeletal,Thoracic outlet syndrome,ABSENT,0,weak-signal:Thoracic=25,
Rheumatology and Musculoskeletal,Tibial plateau fracture,ABSENT,0,weak-signal:fracture=300,
Rheumatology and Musculoskeletal,Tibial shaft fracture,ABSENT,0,weak-signal:fracture=300,
Rheumatology and Musculoskeletal,Torus fracture,ABSENT,0,weak-signal:fracture=300,
Rheumatology and Musculoskeletal,Translational fracture,ABSENT,0,,
Rheumatology and Musculoskeletal,Transverse fracture,IN A TAUGHT SECTION,3,11_02_Ortho_-_Upper_Limb__Shoulder__Elbow__Distal_Radius_Fractures_.md#Colles' fracture,
Rheumatology and Musculoskeletal,Ulna shaft fracture,IN A TAUGHT SECTION,3,11_02_Ortho_-_Upper_Limb__Shoulder__Elbow__Distal_Radius_Fractures_.md#Monteggia's fracture,
Rheumatology and Musculoskeletal,Vertebral compression fractures,ABSENT,0,weak-signal:compression=118,
Rheumatology and Musculoskeletal,Volkmann's contracture,ABSENT,0,weak-signal:contracture=11,
Rheumatology and Musculoskeletal,Volkmann's ischemic contracture,IN A TAUGHT SECTION,1,11_02_Ortho_-_Upper_Limb__Shoulder__Elbow__Distal_Radius_Fractures_.md#Supracondylar fracture of the humerus,
Rheumatology and Musculoskeletal,Whiplash-Associated Disorders,ABSENT,0,weak-signal:Associated=471,
Rheumatology and Musculoskeletal,Arthritis,OWNS ENTRY,121,11_01_Ortho_-_Orthopaedic_Emergencies.md#Septic arthritis,
Rheumatology and Musculoskeletal,Arthritis of the hip,ABSENT,0,weak-signal:Arthritis=108,
Rheumatology and Musculoskeletal,Ankle ligamentous injury,ABSENT,0,weak-signal:ligamentous=1,
Rheumatology and Musculoskeletal,Anterior cruciate ligament tear,ABSENT,0,weak-signal:Anterior=108,
Rheumatology and Musculoskeletal,Anterior Shoulder Dislocation,IN A TAUGHT SECTION,2,11_02_Ortho_-_Upper_Limb__Shoulder__Elbow__Distal_Radius_Fractures_.md#Shoulder labral tear (including SLAP lesion),
Rheumatology and Musculoskeletal,Anaphylactic Shock,IN A TAUGHT SECTION,3,01_Cardiovascular.md#0.20.3 Distributive shock,
Rheumatology and Musculoskeletal,Anaphylaxis,OWNS ENTRY,47,09_01_Dermatology_-_Dermatological_Emergencies.md#Anaphylaxis,
Rheumatology and Musculoskeletal,Behcet's Disease,IN A TAUGHT SECTION,4,05_Ophthalmology.md#Anterior Uveitis,
Rheumatology and Musculoskeletal,Caplan's syndrome,ABSENT,0,,
Rheumatology and Musculoskeletal,Dermatomyositis (DMM),OWNS ENTRY,8,12_03_Rheum_-_Connective_Tissue_Diseases__SLE__Systemic_Sclerosis__Dermatomyositis__Polymyositis__Sjogren_.md#Dermatomyositis,
Rheumatology and Musculoskeletal,DRESS Syndrome,IN A TAUGHT SECTION,2,09_01_Dermatology_-_Dermatological_Emergencies.md#Cutaneous Drug Eruptions (Overview and Spectrum),
Rheumatology and Musculoskeletal,Enteropathic arthritis (EA),ABSENT,0,,
Rheumatology and Musculoskeletal,Heerfordt-Waldenstrom syndrome,ABSENT,0,weak-signal:Waldenstrom=1,
Rheumatology and Musculoskeletal,Henoch-Schonlein Purpura,OWNS ENTRY,8,12_04_Rheum_-_Vasculitis.md#Henoch-Schönlein purpura (HSP),
Rheumatology and Musculoskeletal,IgA vasculitis,OWNS ENTRY,5,"15_14_Paeds_-_Anaemia__Sickle_Cell__Hereditary_Spherocytosis__HSP.md#Henoch-Schönlein purpura (HSP, IgA vasculitis)",
Rheumatology and Musculoskeletal,Lofgren's syndrome,IN A TAUGHT SECTION,2,09_08_Dermatology_-_Miscellaneous.md#Erythema nodosum,
Rheumatology and Musculoskeletal,Lupus,OWNS ENTRY,26,07_Renal_Medicine_and_Urology.md#Lupus Nephritis,
Rheumatology and Musculoskeletal,Microangiopathic polyangiitis (MPA),MENTIONED,2,,
Rheumatology and Musculoskeletal,Microscopic polyangiitis,OWNS ENTRY,8,12_04_Rheum_-_Vasculitis.md#Microscopic polyangiitis,
Rheumatology and Musculoskeletal,Polyarteritis nodosa (PAN),OWNS ENTRY,4,12_04_Rheum_-_Vasculitis.md#Polyarteritis nodosa (PAN),
Rheumatology and Musculoskeletal,Sarcoidosis,OWNS ENTRY,27,02_Respiratory.md#Sarcoidosis,
Systemic and Miscellaneous,Cloacal Exstrophy,ABSENT,0,,
Systemic and Miscellaneous,Congenital Abnormalities,IN A TAUGHT SECTION,2,16_08-09_Antenatal_and_Perinatal_Problems.md#Small for gestational age (SGA),
Systemic and Miscellaneous,Congenital stenosis,ABSENT,0,weak-signal:stenosis=76,
Systemic and Miscellaneous,Bladder and Bowel Dysfunction,ABSENT,0,weak-signal:Dysfunction=152,
Systemic and Miscellaneous,Cyst,OWNS ENTRY,89,09_08_Dermatology_-_Miscellaneous.md#Epidermoid (Sebaceous) Cyst,
Systemic and Miscellaneous,Fever of Unknown Origin,OWNS ENTRY,4,08_09_Infectious_Disease_-_Miscellaneous.md#Pyrexia of unknown origin (PUO) / Fever of unknown origin (FUO),
Systemic and Miscellaneous,Lymphangioleiomyomatosis (LAM),IN A TAUGHT SECTION,1,04_Neurology.md#Tuberous Sclerosis,
Systemic and Miscellaneous,a1-antitrypsin deficiency,IN A TAUGHT SECTION,2,02_Respiratory.md#COPD,
Systemic and Miscellaneous,Ataxia telangiectasia,ABSENT,0,weak-signal:telangiectasia=12,
Systemic and Miscellaneous,Carpenter's syndrome,ABSENT,0,,
Systemic and Miscellaneous,CHARGE syndrome,ABSENT,0,,
Systemic and Miscellaneous,Cystic Fibrosis (CF),OWNS ENTRY,13,02_Respiratory.md#Cystic Fibrosis,
Systemic and Miscellaneous,Ehlers-Danlos syndrome,IN A TAUGHT SECTION,2,01_Cardiovascular.md#0.35.5 Aortic Dissection,
Systemic and Miscellaneous,Hemochromatosis,OWNS ENTRY,18,03_Gastrointestinal.md#Haemochromatosis,
Systemic and Miscellaneous,Holt-Oram syndrome,IN A TAUGHT SECTION,1,15_05_Paeds_-_Acyanotic_Congenital_Heart_Disease.md#Atrial septal defect (ASD),
Systemic and Miscellaneous,Hunter syndrome,MENTIONED,1,,
Systemic and Miscellaneous,Kallmann syndrome,IN A TAUGHT SECTION,2,17_05_PID__Endometriosis__Fibroids.md#Male subfertility,
Systemic and Miscellaneous,Kartagener's syndrome,ABSENT,0,,
Systemic and Miscellaneous,Kearns Sayre,ABSENT,0,,
Systemic and Miscellaneous,Loeys-Dietz Syndrome,ABSENT,0,,
Systemic and Miscellaneous,Marfan Syndrome,OWNS ENTRY,6,15_21b_Paeds_-_Fragile_X__Achondroplasia__Noonan__Marfan.md#Marfan syndrome,
Systemic and Miscellaneous,MELAS,ABSENT,0,,
Systemic and Miscellaneous,MERRF,ABSENT,0,,
Systemic and Miscellaneous,Osler-Weber-Rendu syndrome,ABSENT,0,,
Systemic and Miscellaneous,Acidosis,OWNS ENTRY,72,06_Metabolic_Medicine_and_Endocrinology.md#Diabetic Ketoacidosis (DKA),
Systemic and Miscellaneous,Amyloidosis,IN A TAUGHT SECTION,18,01_Cardiovascular.md#0.41 Restrictive Cardiomyopathy,
Systemic and Miscellaneous,Diabetic neuropathy,OWNS ENTRY,6,04_Neurology.md#Diabetic Neuropathy,
Systemic and Miscellaneous,Hepatopulmonary Syndrome,ABSENT,0,,
Systemic and Miscellaneous,Hepatorenal Syndrome,IN A TAUGHT SECTION,4,03_Gastrointestinal.md#Alcohol-Related Liver Disease (ArLD),
Systemic and Miscellaneous,Homocystinuria,ABSENT,0,,
Systemic and Miscellaneous,Hypoalbuminemia,IN A TAUGHT SECTION,13,01_Cardiovascular.md#0.20.2 Hypovolaemic shock,
Systemic and Miscellaneous,Impaction,IN A TAUGHT SECTION,11,03_Gastrointestinal.md#Faecal Incontinence (Adult),
Systemic and Miscellaneous,Iron overload,IN A TAUGHT SECTION,7,03_Gastrointestinal.md#Haemochromatosis,
Systemic and Miscellaneous,Malnutrition,OWNS ENTRY,17,15_07_Paeds_-_Abdominal_Pain__Neuroblastoma__Coeliac_Disease__Malnutrition__Diarrhoea_and_Vomiting.md#Malnutrition,
Systemic and Miscellaneous,Multi-organ failure,MENTIONED,2,,
Systemic and Miscellaneous,Systemic Inflammatory Response Syndrome,ACRONYM MATCH ONLY,2,generated-initialism match only - not evidence of coverage,
Systemic and Miscellaneous,Paraneoplastic Syndrome,IN A TAUGHT SECTION,3,02_Respiratory.md#Small cell lung cancer (SCLC) — 15% of lung cancers,
Systemic and Miscellaneous,Hemorrhagic shock,IN A TAUGHT SECTION,2,01_Cardiovascular.md#0.20.2 Hypovolaemic shock,
Systemic and Miscellaneous,Intramural Hematoma,ABSENT,0,weak-signal:Intramural=1,
Systemic and Miscellaneous,Neurogenic Shock,IN A TAUGHT SECTION,2,01_Cardiovascular.md#0.20.3 Distributive shock,
Systemic and Miscellaneous,Aorto-enteric Fistula,MENTIONED,1,,
Systemic and Miscellaneous,Aorto-esophageal fistula,ABSENT,0,weak-signal:esophageal=41,
Systemic and Miscellaneous,Hemolytic uremic syndrome (HUS),OWNS ENTRY,22,10_05_Haemonc_-_Normocytic_Anaemia_and_Sickle_Cell_Disease.md#Haemolytic uraemic syndrome (HUS),
Systemic and Miscellaneous,Shock,OWNS ENTRY,134,01_Cardiovascular.md#0.20 Shock,
Systemic and Miscellaneous,Dermatomyositis,OWNS ENTRY,8,12_03_Rheum_-_Connective_Tissue_Diseases__SLE__Systemic_Sclerosis__Dermatomyositis__Polymyositis__Sjogren_.md#Dermatomyositis,
Systemic and Miscellaneous,Food Allergy,MENTIONED,5,,
Systemic and Miscellaneous,Common Variable Immunodeficiency (CVID),OWNS ENTRY,3,10_03a_Haemonc_-_Primary_Immunodeficiencies.md#Common variable immunodeficiency (CVID),
Systemic and Miscellaneous,Selective IgA Deficiency,OWNS ENTRY,1,10_03a_Haemonc_-_Primary_Immunodeficiencies.md#Selective IgA deficiency,
Systemic and Miscellaneous,Trochanteric Bursitis (Greater Trochanteric Pain Syndrome),OWNS ENTRY,0,11_04_Ortho_-_Hip.md#Greater trochanteric pain syndrome (trochanteric bursitis),
Systemic and Miscellaneous,Graft-Versus-Host Disease (GVHD),OWNS ENTRY,14,10_10b_Haemonc_-_Transplant_Medicine.md#Graft versus host disease (GVHD),
Systemic and Miscellaneous,Discitis,OWNS ENTRY,5,11_06_Ortho_-_Spinal_Orthopaedics.md#Discitis,
Systemic and Miscellaneous,Iliotibial (IT) Band Syndrome,OWNS ENTRY,0,11_05_Ortho_-_Knee_and_Ankle.md#Iliotibial band syndrome,
Systemic and Miscellaneous,Neck of Femur (NOF) Fracture,OWNS ENTRY,6,11_04_Ortho_-_Hip.md#Hip / neck of femur (NOF) fractures,
Obstetrics,Erythroblastosis fetalis,ABSENT,0,,
Obstetrics,Rhesus (Rh) Alloimmunization,ABSENT,0,,
Obstetrics,Antenatal Depression,IN A TAUGHT SECTION,1,14_01_Psych_-_Mood_Disorders__Depression__Suicide__Bipolar_.md#Perinatal depression,
Obstetrics,Amniotic band syndrome,ABSENT,0,weak-signal:Amniotic=18,
Obstetrics,Incomplete / Missed / Inevitable Abortion,OWNS ENTRY,102,16_16-17_Contraception.md#Missed COCP pills,
Obstetrics,Vasa Previa,OWNS ENTRY,3,16_10-13_Labour_and_Delivery.md#Vasa praevia,
Obstetrics,Amniotic Fluid Embolism,OWNS ENTRY,0,16_14-15_Obstetric_Emergencies.md#Amniotic fluid embolism,
Obstetrics,Breech Presentation,OWNS ENTRY,4,16_10-13_Labour_and_Delivery.md#Breech presentation,
Obstetrics,Cervical incompetence,ABSENT,0,weak-signal:incompetence=2,
Obstetrics,Dystocia,OWNS ENTRY,6,16_14-15_Obstetric_Emergencies.md#Shoulder dystocia,
Obstetrics,Ectopic Pregnancy,OWNS ENTRY,20,17_04_Ectopic_Pregnancy_and_GTD.md#Ectopic pregnancy,
Obstetrics,Gestational thrombocytopenia,ABSENT,0,weak-signal:thrombocytopenia=25,
Obstetrics,Hydrops fetalis,MENTIONED,2,,
Obstetrics,Hyperemesis Gravidarum,OWNS ENTRY,1,16_01-05_Antenatal_Care.md#Hyperemesis gravidarum,
Obstetrics,Intrauterine Fetal Demise,ABSENT,0,weak-signal:Intrauterine=16,
Obstetrics,Intrauterine growth restriction,ABSENT,0,weak-signal:Intrauterine=16,
Obstetrics,Multi-Fetal Gestation,ABSENT,0,weak-signal:Gestation=57,
Obstetrics,Oligohydramnios,OWNS ENTRY,4,16_08-09_Antenatal_and_Perinatal_Problems.md#Oligohydramnios,
Obstetrics,Placenta Previa,OWNS ENTRY,14,16_10-13_Labour_and_Delivery.md#Placenta praevia,
Obstetrics,Polyhydramnios,OWNS ENTRY,5,16_08-09_Antenatal_and_Perinatal_Problems.md#Polyhydramnios,
Obstetrics,Postterm Pregnancy,ABSENT,0,weak-signal:Pregnancy=328,
Obstetrics,Prelabour Rupture of Membranes,IN A TAUGHT SECTION,2,16_10-13_Labour_and_Delivery.md#Meconium-related problems,
Obstetrics,Preterm Labour,MENTIONED,10,,
Obstetrics,Recurrent pregnancy loss,ABSENT,0,weak-signal:Recurrent=158,
Obstetrics,Stillbirth,OWNS ENTRY,10,16_10-13_Labour_and_Delivery.md#Stillbirth / intrauterine fetal death (IUFD),
Obstetrics,Threatened abortion,ABSENT,0,weak-signal:Threatened=5,
Obstetrics,Cephalopelvic Disproportion (CPD) / Failure to Progress,ABSENT,0,,
Obstetrics,Normal Physiologic Pregnancy / Normal Labor,OWNS ENTRY,1,16_10-13_Labour_and_Delivery.md#Normal labour,
Obstetrics,Placenta Accreta / Increta / Percreta,OWNS ENTRY,5,16_10-13_Labour_and_Delivery.md#Placenta accreta,
Obstetrics,Preterm Premature Rupture of Membranes (PPROM),IN A TAUGHT SECTION,1,16_08-09_Antenatal_and_Perinatal_Problems.md#Prematurity,
Obstetrics,Uterine Atony,IN A TAUGHT SECTION,1,16_14-15_Obstetric_Emergencies.md#Postpartum haemorrhage (PPH),
Obstetrics,Chorioamnionitis,IN A TAUGHT SECTION,9,10_06b_Haemonc_-_Thrombophilia__APS__Thrombocytosis__Methaemoglobinaemia.md#Postpartum (puerperal) infection,
Obstetrics,Intrauterine infections,IN A TAUGHT SECTION,1,16_08-09_Antenatal_and_Perinatal_Problems.md#Prematurity,
Obstetrics,Septic abortion,ABSENT,0,weak-signal:abortion=5,
Obstetrics,Postpartum Endometritis (Puerperal Sepsis),MENTIONED,1,,
Obstetrics,Spontaneous abortion,ABSENT,0,weak-signal:Spontaneous=86,
Obstetrics,Gestational Diabetes Mellitus,ABSENT,0,weak-signal:Gestational=24,
Obstetrics,Macrosomia,IN A TAUGHT SECTION,4,16_01-05_Antenatal_Care.md#Diabetes in pregnancy,
Obstetrics,Gestational trophoblastic disease,OWNS ENTRY,2,17_04_Ectopic_Pregnancy_and_GTD.md#Gestational trophoblastic disease (GTD),
Obstetrics,Gestational trophoblastic neoplasia,IN A TAUGHT SECTION,1,17_04_Ectopic_Pregnancy_and_GTD.md#Gestational trophoblastic disease (GTD),
Obstetrics,Hydatidiform mole,IN A TAUGHT SECTION,3,17_04_Ectopic_Pregnancy_and_GTD.md#Gestational trophoblastic disease (GTD),
Obstetrics,Molar pregnancy,IN A TAUGHT SECTION,4,16_08-09_Antenatal_and_Perinatal_Problems.md#HELLP syndrome,
Obstetrics,Perineal Lacerations,ABSENT,0,weak-signal:Lacerations=3,
Obstetrics,Postpartum Hemorrhage,OWNS ENTRY,3,16_14-15_Obstetric_Emergencies.md#Postpartum haemorrhage (PPH),
Obstetrics,Retained Placenta,OWNS ENTRY,3,16_10-13_Labour_and_Delivery.md#Retained placenta,
Obstetrics,Shoulder Dystocia,OWNS ENTRY,6,16_14-15_Obstetric_Emergencies.md#Shoulder dystocia,
Obstetrics,Umbilical Cord Prolapse,ABSENT,0,weak-signal:Umbilical=16,
Obstetrics,Uterine Inversion,ABSENT,0,weak-signal:Inversion=12,
Obstetrics,Uterine Rupture,OWNS ENTRY,8,16_14-15_Obstetric_Emergencies.md#Uterine rupture,
Obstetrics,Eclampsia,OWNS ENTRY,55,16_08-09_Antenatal_and_Perinatal_Problems.md#Pre-eclampsia,
Obstetrics,Gestational Hypertension,ABSENT,0,weak-signal:Hypertension=129,
Obstetrics,HELLP syndrome,OWNS ENTRY,3,16_08-09_Antenatal_and_Perinatal_Problems.md#HELLP syndrome,
Obstetrics,Hypertension in Pregnancy,OWNS ENTRY,2,16_01-05_Antenatal_Care.md#Hypertension in pregnancy,
Obstetrics,Placental abruption,OWNS ENTRY,15,16_14-15_Obstetric_Emergencies.md#Placental abruption,
Obstetrics,Pre-Eclampsia,OWNS ENTRY,41,16_08-09_Antenatal_and_Perinatal_Problems.md#Pre-eclampsia,
Obstetrics,Subchorionic hematoma,ABSENT,0,,
Obstetrics,Twin-Twin Transfusion Syndrome,MENTIONED,1,,
Geriatrics and Safeguarding,Functional incontinence,IN A TAUGHT SECTION,3,07_Renal_Medicine_and_Urology.md#Incontinence,
Geriatrics and Safeguarding,Frailty,OWNS ENTRY,34,18_Geriatrics_and_Older_Persons_Health.md#Frailty,
Geriatrics and Safeguarding,Sarcopenia,MENTIONED,4,,
Geriatrics and Safeguarding,Elder abuse,OWNS ENTRY,18,18_Geriatrics_and_Older_Persons_Health.md#Abuse of Older People (Elder Abuse) and Carer Stress,
Geriatrics and Safeguarding,Breast implant illness,ABSENT,0,,
Geriatrics and Safeguarding,Retention cysts,ABSENT,0,weak-signal:Retention=74,
Geriatrics and Safeguarding,Sinus tracts,IN A TAUGHT SECTION,5,09_07_Dermatology_-_Chickenpox__Shingles__Pityriasis_Rosea__Hidradenitis_Suppurativa.md#Hidradenitis suppurativa,
Geriatrics and Safeguarding,Ring enhancing lesion,IN A TAUGHT SECTION,1,04_Neurology.md#Brain Abscess,
Geriatrics and Safeguarding,Neglect,IN A TAUGHT SECTION,15,14_02_Psych_-_Anxiety_and_Related_Disorders.md#Obsessive-compulsive disorder (OCD),
Geriatrics and Safeguarding,Physical abuse,OWNS ENTRY,1,15_24a_Paeds_-_Non-Accidental_Injury_and_Sexual_Abuse.md#Investigation of suspected physical abuse,
Geriatrics and Safeguarding,Seroma,MENTIONED,2,,
Geriatrics and Safeguarding,Wound dehiscence,ABSENT,0,weak-signal:dehiscence=5,
Geriatrics and Safeguarding,Hemorrhagic cyst,ABSENT,0,weak-signal:Hemorrhagic=25,
Paediatrics and Neonatal,Kawasaki disease,OWNS ENTRY,11,15_06_Paeds_-_Cyanotic_CHD__Kawasaki_Disease__Murmurs.md#Kawasaki disease,
Paediatrics and Neonatal,Neonatal lupus syndrome,ABSENT,0,weak-signal:Neonatal=70,
Paediatrics and Neonatal,Pediatric MS,ABSENT,0,weak-signal:Pediatric=196,
Paediatrics and Neonatal,Hemolytic Disease of the Newborn / Rhesus (Rh) Incompatibility,ABSENT,0,weak-signal:Incompatibility=5,
Paediatrics and Neonatal,Cystic hygroma,IN A TAUGHT SECTION,2,15_20a_Paeds_-_Trisomies_and_Sex_Chromosome_Disorders.md#Turner syndrome,
Paediatrics and Neonatal,Hirschsprung's Disease,OWNS ENTRY,7,15_08_Paeds_-_Surgical_Abdomen__Appendicitis__Intussusception__Pyloric_Stenosis__Hirschsprung__Oesophageal_Atresia_.md#Hirschsprung disease,
Paediatrics and Neonatal,Hyaline Membrane Disease,ABSENT,0,weak-signal:Membrane=87,
Paediatrics and Neonatal,Omphalocele,OWNS ENTRY,4,15_09a_Paeds_-_Congenital_Abdominal_Wall_and_GI_Anomalies.md#Gastroschisis and omphalocele,
Paediatrics and Neonatal,Pierre-Robin sequence,ABSENT,0,weak-signal:sequence=50,
Paediatrics and Neonatal,PPHN,ABSENT,0,,
Paediatrics and Neonatal,Prematurity,OWNS ENTRY,28,15_01a_Paeds_-_Paediatric_and_Newborn_Life_Support.md#Prematurity,
Paediatrics and Neonatal,Pyloric Stenosis,OWNS ENTRY,4,15_08_Paeds_-_Surgical_Abdomen__Appendicitis__Intussusception__Pyloric_Stenosis__Hirschsprung__Oesophageal_Atresia_.md#Pyloric stenosis,
Paediatrics and Neonatal,Retinopathy of Prematurity,IN A TAUGHT SECTION,1,16_08-09_Antenatal_and_Perinatal_Problems.md#Prematurity,
Paediatrics and Neonatal,VACTERL association,ABSENT,0,weak-signal:association=67,
Paediatrics and Neonatal,Febrile Seizure,OWNS ENTRY,6,15_12a_Paeds_-_Epilepsy_Syndromes_and_Status_Epilepticus.md#Febrile seizures/convulsions,
Paediatrics and Neonatal,Sudden Infant Death Syndrome,OWNS ENTRY,1,15_24b_Paeds_-_Screening__SIDS__Vaccination_Schedule.md#Sudden infant death syndrome (SIDS),
Paediatrics and Neonatal,Transient Tachypnea of the Newborn (TTN),IN A TAUGHT SECTION,1,"15_22b_Paeds_-_Neonatal_Respiratory_Distress_and_Jaundice.md#Aetiologies, risk factors, and pathophysiology",
Paediatrics and Neonatal,Early-Onset GBS,MENTIONED,1,,
Paediatrics and Neonatal,Necrotizing Enterocolitis,ABSENT,0,weak-signal:Enterocolitis=2,
Paediatrics and Neonatal,Neonatal sepsis,OWNS ENTRY,5,15_22a_Paeds_-_Neonatal_Sepsis_and_Seizures.md#Neonatal sepsis,
Paediatrics and Neonatal,Ophthalmia Neonatorum,OWNS ENTRY,0,16_06-07_Ante-Perinatal_Infections.md#Ophthalmia neonatorum,
Paediatrics and Neonatal,Transient Synovitis of the Hip,OWNS ENTRY,1,11_10_Ortho_-_Paediatric_Orthopaedics.md#Transient synovitis of the hip,
Paediatrics and Neonatal,Meconium ileus,IN A TAUGHT SECTION,1,02_Respiratory.md#Cystic Fibrosis,
Paediatrics and Neonatal,Failure to thrive,IN A TAUGHT SECTION,14,02_Respiratory.md#Cystic Fibrosis,
Paediatrics and Neonatal,Kernicterus,IN A TAUGHT SECTION,4,15_19b_Paeds_-_Cerebral_Palsy_and_Muscular_Dystrophies.md#Classification by movement disorder,
Paediatrics and Neonatal,Neonatal Jaundice (Physiologic vs. Pathologic Hyperbilirubinemia),OWNS ENTRY,5,15_22b_Paeds_-_Neonatal_Respiratory_Distress_and_Jaundice.md#Neonatal jaundice,
Paediatrics and Neonatal,Juvenile polyp,ABSENT,0,weak-signal:Juvenile=3,
Paediatrics and Neonatal,Meconium Aspiration Syndrome (MAS),IN A TAUGHT SECTION,110,01_Cardiovascular.md#0.35.4 Aortic Aneurysm,
Paediatrics and Neonatal,Radial Head Subluxation (Nursemaid's Elbow),ABSENT,0,weak-signal:Subluxation=6,
Paediatrics and Neonatal,Supracondylar Humerus Fracture,ABSENT,0,weak-signal:Supracondylar=3,
Paediatrics and Neonatal,Perinatal hypoxia,ABSENT,0,weak-signal:Perinatal=42,
Renal and Urology,Glomerulonephritis,OWNS ENTRY,24,07_Renal_Medicine_and_Urology.md#ANCA-Associated Glomerulonephritis,
Renal and Urology,Goodpasture's disease,ABSENT,0,weak-signal:Goodpasture=1,
Renal and Urology,IgA nephropathy,IN A TAUGHT SECTION,4,12_04_Rheum_-_Vasculitis.md#Henoch-Schönlein purpura (HSP),
Renal and Urology,Membranoproliferative glomerulonephritis,ABSENT,0,weak-signal:Membranoproliferative=2,
Renal and Urology,Membranous glomerulopathy,ABSENT,0,weak-signal:glomerulopathy=1,
Renal and Urology,Rapidly progressive glomerulonephritis,IN A TAUGHT SECTION,1,"12_04_Rheum_-_Vasculitis.md#Granulomatosis with polyangiitis (GPA, formerly Wegener's)",
Renal and Urology,Tubulointerstitial nephritis and uveitis syndrome,ABSENT,0,,
Renal and Urology,Lupus Nephritis,OWNS ENTRY,8,07_Renal_Medicine_and_Urology.md#Lupus Nephritis,
Renal and Urology,Bladder Exstrophy,ABSENT,0,,
Renal and Urology,Horseshoe Kidney,OWNS ENTRY,2,15_11_Paeds_-_Urological_and_Renal_Anomalies__Wilms_Tumour__HUS.md#Horseshoe kidney,
Renal and Urology,Medullary Sponge Kidney,IN A TAUGHT SECTION,1,07_Renal_Medicine_and_Urology.md#Urinary Tract Stones,
Renal and Urology,Posterior Urethral Valves,ABSENT,0,weak-signal:Posterior=98,
Renal and Urology,Potter deformation sequence,ABSENT,0,weak-signal:deformation=1,
Renal and Urology,Renal anomalies,IN A TAUGHT SECTION,1,10_05_Haemonc_-_Normocytic_Anaemia_and_Sickle_Cell_Disease.md#Haemolytic uraemic syndrome (HUS),
Renal and Urology,Ureteropelvic Junction (UPJ) Obstruction,ABSENT,0,weak-signal:Ureteropelvic=1,
Renal and Urology,Vesicoureteral Reflux (VUR),MENTIONED,2,,
Renal and Urology,Acute urinary retention,IN A TAUGHT SECTION,2,07_Renal_Medicine_and_Urology.md#Urinary Retention,
Renal and Urology,Analgesic nephropathy,ABSENT,0,weak-signal:nephropathy=20,
Renal and Urology,Calcineurin inhibitor nephropathy,ABSENT,0,weak-signal:Calcineurin=12,
Renal and Urology,Neurogenic Bladder,IN A TAUGHT SECTION,6,04_Neurology.md#Diabetic Neuropathy,
Renal and Urology,Stress incontinence,IN A TAUGHT SECTION,6,07_Renal_Medicine_and_Urology.md#Pyelonephritis,
Renal and Urology,Urinary Retention,OWNS ENTRY,27,07_Renal_Medicine_and_Urology.md#Urinary Retention,
Renal and Urology,Acute interstitial nephritis (AIN),OWNS ENTRY,3,07_Renal_Medicine_and_Urology.md#Acute Interstitial Nephritis,
Renal and Urology,Balkan Nephropathy,ABSENT,0,weak-signal:Nephropathy=20,
Renal and Urology,Focal segmental glomerulosclerosis,ABSENT,0,,
Renal and Urology,Interstitial Cystitis,IN A TAUGHT SECTION,1,17_05_PID__Endometriosis__Fibroids.md#Chronic pelvic pain,
Renal and Urology,Interstitial Nephritis,OWNS ENTRY,2,07_Renal_Medicine_and_Urology.md#Acute Interstitial Nephritis,
Renal and Urology,Kidney cysts,ABSENT,0,,
Renal and Urology,Lower Urinary Tract Dysfunction,ABSENT,0,weak-signal:Dysfunction=152,
Renal and Urology,Minimal change disease,OWNS ENTRY,2,15_10_Paeds_-_UTI__Nephrotic_Syndrome__Glomerulonephritis.md#Minimal change disease,
Renal and Urology,Mixed Urinary Incontinence,ABSENT,0,weak-signal:Incontinence=69,
Renal and Urology,Nephritic syndrome,MENTIONED,7,,
Renal and Urology,Nephrotic syndrome,OWNS ENTRY,33,07_Renal_Medicine_and_Urology.md#Nephritic vs Nephrotic Syndrome,
Renal and Urology,Overactive Bladder (OAB),IN A TAUGHT SECTION,3,07_Renal_Medicine_and_Urology.md#Incontinence,
Renal and Urology,Overflow Incontinence,IN A TAUGHT SECTION,12,03_Gastrointestinal.md#Faecal Incontinence (Adult),
Renal and Urology,Post-Obstructive Diuresis,IN A TAUGHT SECTION,1,07_Renal_Medicine_and_Urology.md#Urinary Retention,
Renal and Urology,Renal failure,IN A TAUGHT SECTION,22,03_Gastrointestinal.md#Alcohol-Related Liver Disease (ArLD),
Renal and Urology,Tubulointerstitial disease,IN A TAUGHT SECTION,1,06_Metabolic_Medicine_and_Endocrinology.md#Diabetes Insipidus (DI),
Renal and Urology,Uremia,IN A TAUGHT SECTION,14,01_Cardiovascular.md#0.31 Pericarditis,
Renal and Urology,Urge incontinence,IN A TAUGHT SECTION,6,07_Renal_Medicine_and_Urology.md#Incontinence,
Renal and Urology,Urinary Incontinence,OWNS ENTRY,16,15_10_Paeds_-_UTI__Nephrotic_Syndrome__Glomerulonephritis.md#Enuresis (urinary incontinence),
Renal and Urology,Contrast-Induced Nephropathy,ABSENT,0,weak-signal:Nephropathy=20,
Renal and Urology,Acute glomerulonephritis,OWNS ENTRY,3,15_10_Paeds_-_UTI__Nephrotic_Syndrome__Glomerulonephritis.md#Acute glomerulonephritis,
Renal and Urology,Cystitis,OWNS ENTRY,20,03_Gastrointestinal.md#Acute Cholecystitis,
Renal and Urology,HIV-associated nephropathy,ABSENT,0,weak-signal:nephropathy=20,
Renal and Urology,Post-streptococcal glomerulonephritis,OWNS ENTRY,0,15_10_Paeds_-_UTI__Nephrotic_Syndrome__Glomerulonephritis.md#Post-streptococcal glomerulonephritis,
Renal and Urology,Pyelonephritis,OWNS ENTRY,17,07_Renal_Medicine_and_Urology.md#Pyelonephritis,
Renal and Urology,Recurrent Cystitis,ABSENT,0,weak-signal:Recurrent=158,
Renal and Urology,Shunt nephritis,ABSENT,0,weak-signal:nephritis=10,
Renal and Urology,Struvite Stones,IN A TAUGHT SECTION,2,07_Renal_Medicine_and_Urology.md#Urinary Tract Stones,
Renal and Urology,Urinary Tract Infection (UTI),OWNS ENTRY,79,07_Renal_Medicine_and_Urology.md#Urinary Tract Infections,
Renal and Urology,Adult polycystic kidney disease,MENTIONED,1,,
Renal and Urology,Alport syndrome,MENTIONED,2,,
Renal and Urology,Cystine Stones,ABSENT,0,,
Renal and Urology,Nephrogenic Diabetes Insipidus,ABSENT,0,weak-signal:Nephrogenic=8,
Renal and Urology,Polycystic Kidney Disease (PCKD),OWNS ENTRY,7,07_Renal_Medicine_and_Urology.md#Polycystic Kidney Disease (PKD),
Renal and Urology,Thin basement membrane disease,ABSENT,0,weak-signal:basement=7,
Renal and Urology,Bladder Stones,IN A TAUGHT SECTION,1,07_Renal_Medicine_and_Urology.md#Benign Prostatic Hyperplasia (BPH),
Renal and Urology,Calcium Oxalate Stones,ABSENT,0,,
Renal and Urology,Cast nephropathy,ABSENT,0,weak-signal:nephropathy=20,
Renal and Urology,Chronic kidney disease,OWNS ENTRY,12,07_Renal_Medicine_and_Urology.md#Chronic Kidney Disease (CKD),
Renal and Urology,Diabetic nephropathy,OWNS ENTRY,9,07_Renal_Medicine_and_Urology.md#Diabetic Nephropathy,
Renal and Urology,End-stage renal disease,IN A TAUGHT SECTION,1,07_Renal_Medicine_and_Urology.md#Staging,
Renal and Urology,Fanconi syndrome,IN A TAUGHT SECTION,3,03_Gastrointestinal.md#Wilson's Disease,
Renal and Urology,Hydronephrosis,IN A TAUGHT SECTION,5,07_Renal_Medicine_and_Urology.md#Acute Kidney Injury (AKI),
Renal and Urology,Hydroureter,IN A TAUGHT SECTION,1,07_Renal_Medicine_and_Urology.md#Acute Kidney Injury (AKI),
Renal and Urology,Hypokalemic nephropathy,ABSENT,0,weak-signal:Hypokalemic=2,
Renal and Urology,Kidney / Renal Stones,OWNS ENTRY,133,07_Renal_Medicine_and_Urology.md#Acute Kidney Injury (AKI),
Renal and Urology,Macroalbuminuria,ABSENT,0,,
Renal and Urology,Microalbuminuria,IN A TAUGHT SECTION,1,07_Renal_Medicine_and_Urology.md#Diabetic Nephropathy,
Renal and Urology,Nodular glomerulosclerosis,ABSENT,0,,
Renal and Urology,Renal Osteodystrophy,ABSENT,0,,
Renal and Urology,Renal tubular acidosis (RTA),OWNS ENTRY,12,06_Metabolic_Medicine_and_Endocrinology.md#Renal Tubular Acidosis (RTA),
Renal and Urology,Ureteral Stones,ABSENT,0,,
Renal and Urology,Uric Acid Stones,IN A TAUGHT SECTION,3,07_Renal_Medicine_and_Urology.md#Urinary Tract Stones,
Renal and Urology,Angiomyolipoma,IN A TAUGHT SECTION,1,04_Neurology.md#Tuberous Sclerosis,
Renal and Urology,Renal cancer,MENTIONED,1,,
Renal and Urology,Renal Cell Carcinoma (RCC),OWNS ENTRY,7,07_Renal_Medicine_and_Urology.md#Renal Cell Carcinoma (RCC),
Renal and Urology,Renal Oncocytoma,ABSENT,0,,
Renal and Urology,Transitional Cell Carcinoma,IN A TAUGHT SECTION,3,07_Renal_Medicine_and_Urology.md#Bladder Cancer,
Renal and Urology,Urothelial Carcinoma,ABSENT,0,weak-signal:Urothelial=1,
Renal and Urology,Wilms' Tumour,OWNS ENTRY,4,15_11_Paeds_-_Urological_and_Renal_Anomalies__Wilms_Tumour__HUS.md#Wilms' tumour (nephroblastoma),
Renal and Urology,Bladder Trauma,OWNS ENTRY,0,07_Renal_Medicine_and_Urology.md#Urethral and Bladder Trauma,
Renal and Urology,Perineal urethral fistula,ABSENT,0,weak-signal:Perineal=16,
Renal and Urology,Acute kidney injury (AKI),OWNS ENTRY,60,07_Renal_Medicine_and_Urology.md#Acute Kidney Injury (AKI),
Renal and Urology,Acute tubular necrosis (ATN),OWNS ENTRY,8,07_Renal_Medicine_and_Urology.md#Acute Tubular Necrosis (ATN),
Renal and Urology,Atheroembolic renal disease,ABSENT,0,,
Renal and Urology,Hypertensive nephrosclerosis,ABSENT,0,,
Renal and Urology,Pre-Renal Azotemia,ABSENT,0,weak-signal:Azotemia=2,
Renal and Urology,Renal artery stenosis,IN A TAUGHT SECTION,7,01_Cardiovascular.md#0.2 Hypertension,
Renal and Urology,Renal infarction,ABSENT,0,weak-signal:infarction=25,
Renal and Urology,Renal vein thrombosis,MENTIONED,1,,
Renal and Urology,Renovascular hypertension,ABSENT,0,weak-signal:Renovascular=2,
Respiratory,Allergic bronchopulmonary aspergillosis,ABSENT,0,weak-signal:bronchopulmonary=2,
Respiratory,Asthma,OWNS ENTRY,98,02_Respiratory.md#Asthma,
Respiratory,Bird breeder's lung,ABSENT,0,,
Respiratory,Chronic Eosinophilic Pneumonia,ABSENT,0,weak-signal:Eosinophilic=8,
Respiratory,Farmer's lung,ABSENT,0,,
Respiratory,Humidifier lung,ABSENT,0,,
Respiratory,Hypersensitivity pneumonitis,MENTIONED,1,,
Respiratory,Laryngeal edema,ABSENT,0,weak-signal:Laryngeal=15,
Respiratory,Lymphocytic Organizing Pneumonia (LIP),OWNS ENTRY,20,15_13b_Paeds_-_Autism_Spectrum_Disorder_and_Cleft_Lip_Palate.md#Cleft lip and palate,
Respiratory,Pulmonary Vasculitis,ABSENT,0,weak-signal:Vasculitis=70,
Respiratory,Sauna taker's lung,ABSENT,0,,
Respiratory,Acute Asthma Exacerbation,ABSENT,0,weak-signal:Exacerbation=42,
Respiratory,Bronchogenic cyst,ABSENT,0,,
Respiratory,Congenital diaphragmatic hernia,OWNS ENTRY,1,15_09a_Paeds_-_Congenital_Abdominal_Wall_and_GI_Anomalies.md#Congenital diaphragmatic hernia,
Respiratory,Laryngeal atresia,ABSENT,0,weak-signal:Laryngeal=15,
Respiratory,Lung hypoplasia,ABSENT,0,weak-signal:hypoplasia=9,
Respiratory,Pulmonary hypoplasia,IN A TAUGHT SECTION,2,"15_22b_Paeds_-_Neonatal_Respiratory_Distress_and_Jaundice.md#Aetiologies, risk factors, and pathophysiology",
Respiratory,Respiratory distress syndrome,OWNS ENTRY,1,02_Respiratory.md#Acute Respiratory Distress Syndrome (ARDS),
Respiratory,Tracheomalacia,ABSENT,0,,
Respiratory,Chronic Bronchitis,IN A TAUGHT SECTION,2,02_Respiratory.md#COPD,
Respiratory,COPD,OWNS ENTRY,82,02_Respiratory.md#COPD,
Respiratory,Emphysema,IN A TAUGHT SECTION,6,02_Respiratory.md#COPD,
Respiratory,Hypoventilation Syndromes,ABSENT,0,weak-signal:Hypoventilation=5,
Respiratory,Metalworking fluid lung,ABSENT,0,,
Respiratory,Pneumoconiosis,IN A TAUGHT SECTION,4,02_Respiratory.md#Pneumoconioses (Occupational Lung Disease — brief overview),
Respiratory,Respiratory Bronchiolitis Related ILD,ABSENT,0,weak-signal:Bronchiolitis=4,
Respiratory,Atelectasis,MENTIONED,5,,
Respiratory,Acute Fibrinous/Organizing Pneumonia,ABSENT,0,,
Respiratory,Acute Interstitial Pneumonia (AIP),ABSENT,0,weak-signal:Interstitial=32,
Respiratory,Cryptogenic Organizing Pneumonia (COP),IN A TAUGHT SECTION,3,02_Respiratory.md#Community-acquired pneumonia (CAP),
Respiratory,Desquamative Interstitial Pneumonia (DIP),IN A TAUGHT SECTION,23,01_Cardiovascular.md#0.32 Constrictive Pericarditis,
Respiratory,Idiopathic Pleuroparenchymal Fibroelastosis (IPPFE),ABSENT,0,,
Respiratory,Idiopathic Pulmonary Fibrosis (IPF),OWNS ENTRY,14,02_Respiratory.md#Idiopathic Pulmonary Fibrosis (IPF),
Respiratory,Interstitial lung disease (ILD),IN A TAUGHT SECTION,9,01_Cardiovascular.md#0.36 Pulmonary Hypertension,
Respiratory,Interstitial Pneumonia,IN A TAUGHT SECTION,2,02_Respiratory.md#Idiopathic Pulmonary Fibrosis (IPF),
Respiratory,Non-specific Interstitial Pneumonia (NSIP),ABSENT,0,weak-signal:Interstitial=32,
Respiratory,Pulmonary Langerhans cell histiocytosis,ABSENT,0,weak-signal:histiocytosis=1,
Respiratory,Sleep apnea (OSA),OWNS ENTRY,34,"02_Respiratory.md#Sleep Apnoea (Obstructive Sleep Apnoea, OSA)",
Respiratory,Sleep-Disordered Breathing,ABSENT,0,weak-signal:Disordered=4,
Respiratory,Sleep-Related Hypoventilation,ABSENT,0,weak-signal:Hypoventilation=5,
Respiratory,Transfusion-related acute lung injury,MENTIONED,1,,
Respiratory,Acute epiglottitis,OWNS ENTRY,9,08_01-03_Infectious_Disease_-_Bacterial_Infections.md#Acute epiglottitis,
Respiratory,Acute Exacerbation of COPD,ABSENT,0,weak-signal:Exacerbation=42,
Respiratory,Acute laryngitis,ABSENT,0,weak-signal:laryngitis=4,
Respiratory,Aspiration pneumonia,OWNS ENTRY,10,02_Respiratory.md#Aspiration Pneumonia and Pneumonitis,
Respiratory,Bronchitis,OWNS ENTRY,7,02_Respiratory.md#Acute Bronchitis,
Respiratory,Bronchopneumonia,ABSENT,0,,
Respiratory,Croup,OWNS ENTRY,19,13_05b_ENT_-_Stridor__Croup__Epiglottitis__Laryngomalacia__OSA.md#Croup (laryngo-tracheo-bronchitis),
Respiratory,Empyema,OWNS ENTRY,11,02_Respiratory.md#Empyema and Haemothorax,
Respiratory,Epiglottitis,OWNS ENTRY,21,08_01-03_Infectious_Disease_-_Bacterial_Infections.md#Acute epiglottitis,
Respiratory,Laryngotracheobronchitis,OWNS ENTRY,3,13_05b_ENT_-_Stridor__Croup__Epiglottitis__Laryngomalacia__OSA.md#Croup (laryngo-tracheo-bronchitis),
Respiratory,Lobar Pneumonia,MENTIONED,1,,
Respiratory,Lung abscess,IN A TAUGHT SECTION,3,02_Respiratory.md#Aspiration Pneumonia and Pneumonitis,
Respiratory,Mediastinitis,IN A TAUGHT SECTION,2,03_Gastrointestinal.md#Boerhaave Syndrome,
Respiratory,Mycoplasma pneumonia,OWNS ENTRY,2,08_01-03_Infectious_Disease_-_Bacterial_Infections.md#Mycoplasma pneumoniae,
Respiratory,Parapneumonic effusion,IN A TAUGHT SECTION,7,02_Respiratory.md#Pleural Effusions,
Respiratory,Pleuritis,IN A TAUGHT SECTION,1,12_03_Rheum_-_Connective_Tissue_Diseases__SLE__Systemic_Sclerosis__Dermatomyositis__Polymyositis__Sjogren_.md#Systemic lupus erythematosus (SLE),
Respiratory,Pneumocystis pneumonia (PCP),IN A TAUGHT SECTION,4,08_05-06_Infectious_Disease_-_Viral_Infections.md#Human immunodeficiency virus (HIV),
Respiratory,Pneumonia,OWNS ENTRY,100,02_Respiratory.md#Pneumonia,
Respiratory,Tracheitis,OWNS ENTRY,0,15_04a_Paeds_-_URTI_and_LRTI.md#Bacterial tracheitis,
Respiratory,Upper Respiratory Tract Infection (URTI),OWNS ENTRY,26,02_Respiratory.md#Upper Respiratory Tract Infection (URTI),
Respiratory,Ventilator-Associated Pneumonia,ABSENT,0,weak-signal:Ventilator=5,
Respiratory,Primary ciliary dyskinesia,IN A TAUGHT SECTION,2,02_Respiratory.md#Bronchiectasis,
Respiratory,Neurogenic pulmonary edema,ABSENT,0,weak-signal:Neurogenic=13,
Respiratory,Obesity-hypoventilation syndrome,ABSENT,0,weak-signal:hypoventilation=5,
Respiratory,Respiratory acidosis,OWNS ENTRY,11,06_Metabolic_Medicine_and_Endocrinology.md#Respiratory Acidosis,
Respiratory,Respiratory alkalosis,OWNS ENTRY,8,06_Metabolic_Medicine_and_Endocrinology.md#Respiratory Alkalosis,
Respiratory,Respiratory arrest,IN A TAUGHT SECTION,3,01_Cardiovascular.md#0.20.3 Distributive shock,
Respiratory,Respiratory failure,OWNS ENTRY,27,02_Respiratory.md#Respiratory Failure,
Respiratory,Pancoast syndrome/tumour,OWNS ENTRY,283,03_Gastrointestinal.md#Primary liver tumours summary,
Respiratory,Solitary pulmonary nodule,ABSENT,0,weak-signal:pulmonary=135,
Respiratory,Squamous cell carcinoma of lung,ABSENT,0,weak-signal:Squamous=19,
Respiratory,Bronchiectasis,OWNS ENTRY,25,02_Respiratory.md#Bronchiectasis,
Respiratory,Silicosis,IN A TAUGHT SECTION,6,02_Respiratory.md#Tuberculosis,
Respiratory,Acute Lung Injury (ALI),MENTIONED,1,,
Respiratory,Acute Respiratory Distress Syndrome (ARDS),OWNS ENTRY,17,02_Respiratory.md#Acute Respiratory Distress Syndrome (ARDS),
Respiratory,Airway Obstruction,OWNS ENTRY,17,13_05b_ENT_-_Stridor__Croup__Epiglottitis__Laryngomalacia__OSA.md#Foreign body airway obstruction (choking),
Respiratory,Aspiration pneumonitis,IN A TAUGHT SECTION,1,02_Respiratory.md#Aspiration Pneumonia and Pneumonitis,
Respiratory,Benign Asbestos Pleural Effusion (BAPE),ABSENT,0,weak-signal:Asbestos=20,
Respiratory,Chronic Beryllium Disease,ABSENT,0,weak-signal:Beryllium=1,
Respiratory,Chylothorax,MENTIONED,1,,
Respiratory,Foreign Body Aspiration,ABSENT,0,weak-signal:Aspiration=77,
Respiratory,Hemothorax,OWNS ENTRY,11,02_Respiratory.md#Empyema and Haemothorax,
Respiratory,Intubation granuloma,ABSENT,0,weak-signal:Intubation=30,
Respiratory,Massive Hemothorax,IN A TAUGHT SECTION,2,02_Respiratory.md#Empyema and Haemothorax,
Respiratory,Open Pneumothorax,MENTIONED,1,,
Respiratory,Pneumomediastinum,IN A TAUGHT SECTION,1,03_Gastrointestinal.md#Boerhaave Syndrome,
Respiratory,Pneumothorax,OWNS ENTRY,52,02_Respiratory.md#Pneumothorax,
Respiratory,Tension Pneumothorax,IN A TAUGHT SECTION,14,02_Respiratory.md#Pneumothorax,
Respiratory,Tracheal granulation,ABSENT,0,weak-signal:granulation=4,
Respiratory,Urinothorax,ABSENT,0,,
Respiratory,Acute Chest Syndrome,MENTIONED,4,,
Respiratory,Pleural Effusion,OWNS ENTRY,14,02_Respiratory.md#Pleural Effusions,
Respiratory,Pulmonary Arterial Hypertension,IN A TAUGHT SECTION,1,01_Cardiovascular.md#0.36 Pulmonary Hypertension,
Respiratory,Pulmonary Capillary Hemangiomatosis,ABSENT,0,,
Respiratory,Pulmonary Edema,IN A TAUGHT SECTION,27,01_Cardiovascular.md#0.1 Acute Coronary Syndrome (ACS),
Respiratory,Pulmonary Embolism (PE),OWNS ENTRY,13,01_Cardiovascular.md#0.29 Pulmonary Embolism (PE),
Respiratory,Pulmonary vascular endothelialitis,ABSENT,0,,
Respiratory,Pulmonary Veno-occlusive Disease (PVOD),ABSENT,0,weak-signal:Pulmonary=135,
ENT and Ophthalmology,Allergic conjunctivitis,IN A TAUGHT SECTION,3,05_Ophthalmology.md#Conjunctivitis,
ENT and Ophthalmology,Anterior uveitis,OWNS ENTRY,11,05_Ophthalmology.md#Anterior Uveitis,
ENT and Ophthalmology,Atopic conjunctivitis,ABSENT,0,weak-signal:conjunctivitis=38,
ENT and Ophthalmology,Autoimmune inner ear disease,ABSENT,0,weak-signal:Autoimmune=124,
ENT and Ophthalmology,Giant papillary conjunctivitis,ABSENT,0,weak-signal:conjunctivitis=38,
ENT and Ophthalmology,Intermediate uveitis,ABSENT,0,weak-signal:Intermediate=14,
ENT and Ophthalmology,Iritis / Iridocyclitis,IN A TAUGHT SECTION,2,05_Ophthalmology.md#Ophthalmic Shingles,
ENT and Ophthalmology,Keratoconjunctivitis sicca,IN A TAUGHT SECTION,4,12_03_Rheum_-_Connective_Tissue_Diseases__SLE__Systemic_Sclerosis__Dermatomyositis__Polymyositis__Sjogren_.md#Sjögren syndrome,
ENT and Ophthalmology,Nasal polyps,IN A TAUGHT SECTION,4,02_Respiratory.md#Cystic Fibrosis,
ENT and Ophthalmology,Optic neuritis,OWNS ENTRY,10,05_Ophthalmology.md#Optic Neuritis,
ENT and Ophthalmology,Orbital Apex Syndrome,ABSENT,0,,
ENT and Ophthalmology,Papillitis,ABSENT,0,,
ENT and Ophthalmology,Posterior uveitis,ABSENT,0,weak-signal:Posterior=98,
ENT and Ophthalmology,Rhinitis,OWNS ENTRY,19,13_04_ENT_-_Nose__Rhinosinusitis__Fractures__CSF_Rhinorrhoea__Epistaxis__Nasal_Cancers_.md#Allergic Rhinitis (Hay Fever),
ENT and Ophthalmology,Scleritis,OWNS ENTRY,21,05_Ophthalmology.md#Episcleritis and Scleritis,
ENT and Ophthalmology,Scleromalacia perforans,ABSENT,0,,
ENT and Ophthalmology,Thyroid eye disease,OWNS ENTRY,9,05_Ophthalmology.md#Thyroid Eye Disease,
ENT and Ophthalmology,Uveitis,OWNS ENTRY,19,05_Ophthalmology.md#Anterior Uveitis,
ENT and Ophthalmology,Vernal conjunctivitis,ABSENT,0,weak-signal:conjunctivitis=38,
ENT and Ophthalmology,Aniridia,ABSENT,0,,
ENT and Ophthalmology,Anisometropia,ABSENT,0,,
ENT and Ophthalmology,Astigmatism,IN A TAUGHT SECTION,2,05_Ophthalmology.md#Ametropia (Refractive Error),
ENT and Ophthalmology,Axenfeld-Rieger syndrome,ABSENT,0,,
ENT and Ophthalmology,Branchial cleft cyst,ABSENT,0,weak-signal:Branchial=1,
ENT and Ophthalmology,Branchial sinus/cleft,OWNS ENTRY,22,15_13b_Paeds_-_Autism_Spectrum_Disorder_and_Cleft_Lip_Palate.md#Cleft lip and palate,
ENT and Ophthalmology,Choanal atresia,IN A TAUGHT SECTION,1,"15_22b_Paeds_-_Neonatal_Respiratory_Distress_and_Jaundice.md#Aetiologies, risk factors, and pathophysiology",
ENT and Ophthalmology,Cleft palate,IN A TAUGHT SECTION,8,10_03a_Haemonc_-_Primary_Immunodeficiencies.md#DiGeorge syndrome,
ENT and Ophthalmology,Congenital Glaucoma,ABSENT,0,weak-signal:Glaucoma=29,
ENT and Ophthalmology,Duane's syndrome,ABSENT,0,,
ENT and Ophthalmology,Esotropia,IN A TAUGHT SECTION,1,05_Ophthalmology.md#Concomitant (Non-Paralytic) Squint,
ENT and Ophthalmology,Exotropia,IN A TAUGHT SECTION,1,05_Ophthalmology.md#Concomitant (Non-Paralytic) Squint,
ENT and Ophthalmology,Hyperopia,IN A TAUGHT SECTION,4,05_Ophthalmology.md#Ametropia (Refractive Error),
ENT and Ophthalmology,Infantile cataracts,ABSENT,0,weak-signal:Infantile=6,
ENT and Ophthalmology,Laryngeal cleft,ABSENT,0,weak-signal:Laryngeal=15,
ENT and Ophthalmology,Laryngeal web,IN A TAUGHT SECTION,1,13_05b_ENT_-_Stridor__Croup__Epiglottitis__Laryngomalacia__OSA.md#Laryngomalacia,
ENT and Ophthalmology,Laryngocele,MENTIONED,1,,
ENT and Ophthalmology,Laryngomalacia,OWNS ENTRY,11,13_05b_ENT_-_Stridor__Croup__Epiglottitis__Laryngomalacia__OSA.md#Laryngomalacia,
ENT and Ophthalmology,Lens coloboma,ABSENT,0,,
ENT and Ophthalmology,Megalocornea,ABSENT,0,,
ENT and Ophthalmology,Microphthalmia,IN A TAUGHT SECTION,4,08_05-06_Infectious_Disease_-_Viral_Infections.md#Rubella (German measles),
ENT and Ophthalmology,Microtia,ABSENT,0,,
ENT and Ophthalmology,Ossicular malformations,ABSENT,0,weak-signal:malformations=19,
ENT and Ophthalmology,Pyriform aperture stenosis,ABSENT,0,,
ENT and Ophthalmology,Retinal coloboma,ABSENT,0,,
ENT and Ophthalmology,Saccular cyst,ABSENT,0,,
ENT and Ophthalmology,Semicircular canal dehiscence,ABSENT,0,weak-signal:Semicircular=3,
ENT and Ophthalmology,Septal deviation/dislocation,OWNS ENTRY,31,11_02_Ortho_-_Upper_Limb__Shoulder__Elbow__Distal_Radius_Fractures_.md#Shoulder dislocation,
ENT and Ophthalmology,Strabismus,OWNS ENTRY,8,05_Ophthalmology.md#Strabismus (Squint),
ENT and Ophthalmology,Subglottic hemangioma,ABSENT,0,weak-signal:Subglottic=1,
ENT and Ophthalmology,Subglottic stenosis,ABSENT,0,weak-signal:Subglottic=1,
ENT and Ophthalmology,Thyroglossal cyst / duct cyst,MENTIONED,1,,
ENT and Ophthalmology,Thyroglossal duct cyst,ABSENT,0,weak-signal:Thyroglossal=1,
ENT and Ophthalmology,Age-related macular degeneration,OWNS ENTRY,0,05_Ophthalmology.md#Age-Related Macular Degeneration (AMD),
ENT and Ophthalmology,Angle-closure Glaucoma,OWNS ENTRY,11,05_Ophthalmology.md#Angle-Closure Glaucoma,
ENT and Ophthalmology,Blepharochalasis,ABSENT,0,,
ENT and Ophthalmology,Bull's eye maculopathy,ABSENT,0,weak-signal:maculopathy=4,
ENT and Ophthalmology,Cataracts,OWNS ENTRY,30,05_Ophthalmology.md#Cataracts,
ENT and Ophthalmology,Conductive Hearing Loss,IN A TAUGHT SECTION,7,13_01_ENT_-_Otalgia__Otitis_Externa__Otitis_Media__Glue_Ear.md#Otitis media (acute),
ENT and Ophthalmology,Deafness,OWNS ENTRY,29,13_03_ENT_-_Deafness_and_Vertigo_Conditions.md#Childhood deafness,
ENT and Ophthalmology,Dermatochalasis,MENTIONED,1,,
ENT and Ophthalmology,Ectropion,OWNS ENTRY,3,05_Ophthalmology.md#Entropion and Ectropion,
ENT and Ophthalmology,Glaucoma,OWNS ENTRY,28,05_Ophthalmology.md#Glaucoma,
ENT and Ophthalmology,Hearing Impairment,IN A TAUGHT SECTION,3,15_19b_Paeds_-_Cerebral_Palsy_and_Muscular_Dystrophies.md#Classification by movement disorder,
ENT and Ophthalmology,Keratoconus,ABSENT,0,,
ENT and Ophthalmology,Limbal stem cell deficiency,ABSENT,0,,
ENT and Ophthalmology,Ocular hypertension,ABSENT,0,weak-signal:hypertension=129,
ENT and Ophthalmology,Open-angle Glaucoma,OWNS ENTRY,4,05_Ophthalmology.md#Open-Angle Glaucoma,
ENT and Ophthalmology,Optic Neuropathy,OWNS ENTRY,7,05_Ophthalmology.md#Anterior Ischaemic Optic Neuropathy (AION),
ENT and Ophthalmology,Ototoxic drug exposure,ABSENT,0,weak-signal:Ototoxic=13,
ENT and Ophthalmology,Pinguecula,OWNS ENTRY,0,05_Ophthalmology.md#Pinguecula,
ENT and Ophthalmology,Posterior vitreous detachment,IN A TAUGHT SECTION,3,05_Ophthalmology.md#Retinal Detachment,
ENT and Ophthalmology,Presbycusis,IN A TAUGHT SECTION,2,13_02_ENT_-_Hearing_Loss__Tinnitus__Vertigo__DDx_Charts_.md#Hearing loss — differential diagnosis,
ENT and Ophthalmology,Presbyopia,IN A TAUGHT SECTION,5,05_Ophthalmology.md#Ametropia (Refractive Error),
ENT and Ophthalmology,Pseudoexfoliation glaucoma,ABSENT,0,,
ENT and Ophthalmology,Pseudoexfoliation syndrome,ABSENT,0,,
ENT and Ophthalmology,Pterygium,IN A TAUGHT SECTION,2,05_Ophthalmology.md#Pinguecula,
ENT and Ophthalmology,Retinal detachment,OWNS ENTRY,10,05_Ophthalmology.md#Retinal Detachment,
ENT and Ophthalmology,Retinal toxicity,ABSENT,0,weak-signal:toxicity=43,
ENT and Ophthalmology,Sensorineural Hearing Loss,IN A TAUGHT SECTION,13,04_Neurology.md#Bacterial Meningitis,
ENT and Ophthalmology,Vortex keratopathy,ABSENT,0,weak-signal:keratopathy=4,
ENT and Ophthalmology,Secondary angle-closure glaucoma,ABSENT,0,weak-signal:glaucoma=29,
ENT and Ophthalmology,Secondary open-angle glaucoma,ABSENT,0,weak-signal:glaucoma=29,
ENT and Ophthalmology,Acute Angle Closure Glaucoma,IN A TAUGHT SECTION,8,05_Ophthalmology.md#Angle-Closure Glaucoma,
ENT and Ophthalmology,Adenoid hypertrophy,ABSENT,0,weak-signal:hypertrophy=25,
ENT and Ophthalmology,Adie's Tonic Pupil,MENTIONED,1,,
ENT and Ophthalmology,Atrophic rhinitis,ABSENT,0,weak-signal:Atrophic=5,
ENT and Ophthalmology,Benign Paroxysmal Positional Vertigo,OWNS ENTRY,4,13_03_ENT_-_Deafness_and_Vertigo_Conditions.md#Benign paroxysmal positional vertigo (BPPV),
ENT and Ophthalmology,Cerumen impaction,ABSENT,0,weak-signal:impaction=10,
ENT and Ophthalmology,Chalazion,OWNS ENTRY,7,05_Ophthalmology.md#Stye (Hordeolum) and Chalazion,
ENT and Ophthalmology,Cholesteatoma,IN A TAUGHT SECTION,8,13_01_ENT_-_Otalgia__Otitis_Externa__Otitis_Media__Glue_Ear.md#Otitis media (acute),
ENT and Ophthalmology,Chronic laryngitis,ABSENT,0,weak-signal:laryngitis=4,
ENT and Ophthalmology,Coats disease,ABSENT,0,,
ENT and Ophthalmology,Cystoid macular edema,IN A TAUGHT SECTION,1,05_Ophthalmology.md#Retinitis Pigmentosa,
ENT and Ophthalmology,Eagle syndrome,ABSENT,0,,
ENT and Ophthalmology,Endolymphatic Hydrops,IN A TAUGHT SECTION,1,13_03_ENT_-_Deafness_and_Vertigo_Conditions.md#Ménière's disease,
ENT and Ophthalmology,Episcleritis,OWNS ENTRY,10,05_Ophthalmology.md#Episcleritis and Scleritis,
ENT and Ophthalmology,Eustachian tube dysfunction,IN A TAUGHT SECTION,3,13_02_ENT_-_Hearing_Loss__Tinnitus__Vertigo__DDx_Charts_.md#Hearing loss — differential diagnosis,
ENT and Ophthalmology,Idiopathic sudden sensorineural hearing loss,ABSENT,0,weak-signal:sensorineural=24,
ENT and Ophthalmology,Intraoperative floppy iris syndrome,ABSENT,0,weak-signal:Intraoperative=4,
ENT and Ophthalmology,Keratosis obturans,ABSENT,0,weak-signal:Keratosis=9,
ENT and Ophthalmology,Laryngopharyngeal reflux,ABSENT,0,weak-signal:Laryngopharyngeal=1,
ENT and Ophthalmology,Lingual tonsil hypertrophy,ABSENT,0,weak-signal:hypertrophy=25,
ENT and Ophthalmology,Meniere's disease,OWNS ENTRY,11,13_03_ENT_-_Deafness_and_Vertigo_Conditions.md#Ménière's disease,
ENT and Ophthalmology,Mixed Hearing Loss,ABSENT,0,,
ENT and Ophthalmology,Normal tension glaucoma,IN A TAUGHT SECTION,1,05_Ophthalmology.md#Open-Angle Glaucoma,
ENT and Ophthalmology,Pars planitis,ABSENT,0,,
ENT and Ophthalmology,Patulous Eustachian tube,ABSENT,0,weak-signal:Eustachian=6,
ENT and Ophthalmology,Ranula,ABSENT,0,,
ENT and Ophthalmology,Recurrent Aphthous Stomatitis,ABSENT,0,weak-signal:Stomatitis=2,
ENT and Ophthalmology,Stapedius muscle spasm,ABSENT,0,weak-signal:Stapedius=2,
ENT and Ophthalmology,Tight lens syndrome,ABSENT,0,,
ENT and Ophthalmology,Tonsillar hypertrophy,IN A TAUGHT SECTION,1,"02_Respiratory.md#Sleep Apnoea (Obstructive Sleep Apnoea, OSA)",
ENT and Ophthalmology,Trichiasis,MENTIONED,1,,
ENT and Ophthalmology,Vasomotor rhinitis,ABSENT,0,weak-signal:Vasomotor=4,
ENT and Ophthalmology,Vocal cord palsy/paralysis,IN A TAUGHT SECTION,32,04_Neurology.md#Spinal Epidural Abscess,
ENT and Ophthalmology,Steroid-induced glaucoma,ABSENT,0,weak-signal:glaucoma=29,
ENT and Ophthalmology,Acute otitis media,IN A TAUGHT SECTION,3,13_03_ENT_-_Deafness_and_Vertigo_Conditions.md#(Viral) labyrinthitis,
ENT and Ophthalmology,Bacterial conjunctivitis,MENTIONED,1,,
ENT and Ophthalmology,Blepharitis,OWNS ENTRY,11,05_Ophthalmology.md#Blepharitis,
ENT and Ophthalmology,Chorioretinitis,IN A TAUGHT SECTION,6,04_Neurology.md#Toxoplasmosis,
ENT and Ophthalmology,Conjunctivitis,OWNS ENTRY,43,05_Ophthalmology.md#Conjunctivitis,
ENT and Ophthalmology,Corneal ulcer,IN A TAUGHT SECTION,6,08_05-06_Infectious_Disease_-_Viral_Infections.md#Measles,
ENT and Ophthalmology,Dacryoadenitis,ABSENT,0,,
ENT and Ophthalmology,Dacryocystitis,ABSENT,0,,
ENT and Ophthalmology,Dental abscess,IN A TAUGHT SECTION,1,13_07c_ENT_-_Dental_and_Teeth_Problems.md#Facial swellings due to dental infection,
ENT and Ophthalmology,Dental disease,ABSENT,0,,
ENT and Ophthalmology,Endophthalmitis,OWNS ENTRY,7,05_Ophthalmology.md#Endophthalmitis,
ENT and Ophthalmology,External canal abscess,ABSENT,0,weak-signal:External=63,
ENT and Ophthalmology,Herpes zoster ophthalmicus,IN A TAUGHT SECTION,1,05_Ophthalmology.md#Ophthalmic Shingles,
ENT and Ophthalmology,Herpes zoster oticus,ABSENT,0,,
ENT and Ophthalmology,Hordeolum (Stye),OWNS ENTRY,6,05_Ophthalmology.md#Stye (Hordeolum) and Chalazion,
ENT and Ophthalmology,HSV Keratitis,IN A TAUGHT SECTION,1,05_Ophthalmology.md#Keratitis,
ENT and Ophthalmology,Keratitis,OWNS ENTRY,22,05_Ophthalmology.md#Keratitis,
ENT and Ophthalmology,Labyrinthitis,OWNS ENTRY,14,13_03_ENT_-_Deafness_and_Vertigo_Conditions.md#(Viral) labyrinthitis,
ENT and Ophthalmology,Laryngeal papillomas,MENTIONED,1,,
ENT and Ophthalmology,Ludwig's angina,IN A TAUGHT SECTION,1,13_07c_ENT_-_Dental_and_Teeth_Problems.md#Facial swellings due to dental infection,
ENT and Ophthalmology,Malignant otitis externa,OWNS ENTRY,1,13_01_ENT_-_Otalgia__Otitis_Externa__Otitis_Media__Glue_Ear.md#Malignant otitis externa,
ENT and Ophthalmology,Mastoiditis,IN A TAUGHT SECTION,2,13_01_ENT_-_Otalgia__Otitis_Externa__Otitis_Media__Glue_Ear.md#Otitis media (acute),
ENT and Ophthalmology,Myringitis,IN A TAUGHT SECTION,1,08_01-03_Infectious_Disease_-_Bacterial_Infections.md#Mycoplasma pneumoniae,
ENT and Ophthalmology,Orbital cellulitis,OWNS ENTRY,9,05_Ophthalmology.md#Orbital and Peri-Orbital Cellulitis,
ENT and Ophthalmology,Otitis Externa,OWNS ENTRY,16,13_01_ENT_-_Otalgia__Otitis_Externa__Otitis_Media__Glue_Ear.md#Otitis externa,
ENT and Ophthalmology,Otitis Media,OWNS ENTRY,34,13_01_ENT_-_Otalgia__Otitis_Externa__Otitis_Media__Glue_Ear.md#Otitis media (acute),
ENT and Ophthalmology,Parapharyngeal abscess,MENTIONED,1,,
ENT and Ophthalmology,Perichondritis,MENTIONED,1,,
ENT and Ophthalmology,Peritonsillar Abscess,IN A TAUGHT SECTION,9,02_Respiratory.md#Upper Respiratory Tract Infection (URTI),
ENT and Ophthalmology,Preseptal cellulitis,ABSENT,0,weak-signal:cellulitis=33,
ENT and Ophthalmology,Retropharyngeal abscess,ABSENT,0,,
ENT and Ophthalmology,Rhinosinusitis / Sinusitis,OWNS ENTRY,23,13_04_ENT_-_Nose__Rhinosinusitis__Fractures__CSF_Rhinorrhoea__Epistaxis__Nasal_Cancers_.md#Rhinosinusitis,
ENT and Ophthalmology,Septal abscess / Hematoma,OWNS ENTRY,42,04_Neurology.md#Subdural Haematoma,
ENT and Ophthalmology,Sialadenitis,OWNS ENTRY,1,13_07b_ENT_-_Salivary_Gland_Problems_and_Xerostomia.md#Sialadenitis,
ENT and Ophthalmology,Stomatitis,IN A TAUGHT SECTION,2,15_14_Paeds_-_Anaemia__Sickle_Cell__Hereditary_Spherocytosis__HSP.md#Iron deficiency anaemia in children,
ENT and Ophthalmology,Tonsillitis / Quinsy,OWNS ENTRY,12,"13_05a_ENT_-_Sore_Throat_and_Tonsillitis.md#Sore throat (pharyngitis, tonsillitis, laryngitis)",
ENT and Ophthalmology,Tympanosclerosis,IN A TAUGHT SECTION,1,13_01_ENT_-_Otalgia__Otitis_Externa__Otitis_Media__Glue_Ear.md#Glue ear (otitis media with effusion / serous otitis media),
ENT and Ophthalmology,Viral conjunctivitis,MENTIONED,2,,
ENT and Ophthalmology,Sinusitis,OWNS ENTRY,22,13_04_ENT_-_Nose__Rhinosinusitis__Fractures__CSF_Rhinorrhoea__Epistaxis__Nasal_Cancers_.md#Rhinosinusitis,
ENT and Ophthalmology,Auditory neuropathy,ABSENT,0,weak-signal:neuropathy=67,
ENT and Ophthalmology,Corneal dystrophy,ABSENT,0,weak-signal:dystrophy=11,
ENT and Ophthalmology,Ectopia lentis,ABSENT,0,,
ENT and Ophthalmology,Myopia,IN A TAUGHT SECTION,8,05_Ophthalmology.md#Retinal Detachment,
ENT and Ophthalmology,Otosclerosis,OWNS ENTRY,4,13_03_ENT_-_Deafness_and_Vertigo_Conditions.md#Otosclerosis,
ENT and Ophthalmology,Pigment dispersion syndrome,ABSENT,0,,
ENT and Ophthalmology,Pigmentary glaucoma,ABSENT,0,weak-signal:Pigmentary=2,
ENT and Ophthalmology,Retinitis pigmentosa,OWNS ENTRY,5,05_Ophthalmology.md#Retinitis Pigmentosa,
ENT and Ophthalmology,Band keratopathy,ABSENT,0,weak-signal:keratopathy=4,
ENT and Ophthalmology,Diabetic retinopathy,OWNS ENTRY,16,05_Ophthalmology.md#Diabetic Retinopathy,
ENT and Ophthalmology,Glossitis,IN A TAUGHT SECTION,4,03_Gastrointestinal.md#Gastritis,
ENT and Ophthalmology,Keratomalacia,IN A TAUGHT SECTION,3,05_Ophthalmology.md#Xerophthalmia,
ENT and Ophthalmology,Sialolithiasis,OWNS ENTRY,0,13_07b_ENT_-_Salivary_Gland_Problems_and_Xerostomia.md#Sialolithiasis,
ENT and Ophthalmology,Xerophthalmia,OWNS ENTRY,0,05_Ophthalmology.md#Xerophthalmia,
ENT and Ophthalmology,Acoustic Neuroma,OWNS ENTRY,2,13_03_ENT_-_Deafness_and_Vertigo_Conditions.md#Vestibular schwannoma (acoustic neuroma),
ENT and Ophthalmology,Endolymphatic sac tumour,ABSENT,0,weak-signal:Endolymphatic=2,
ENT and Ophthalmology,Glomus tumours (Jugulare/Tympanicum),MENTIONED,1,,
ENT and Ophthalmology,Intraocular neoplasm,ABSENT,0,weak-signal:Intraocular=9,
ENT and Ophthalmology,Inverting papilloma,ABSENT,0,,
ENT and Ophthalmology,Juvenile nasopharyngeal angiofibroma,ABSENT,0,weak-signal:nasopharyngeal=7,
ENT and Ophthalmology,Leukoplakia,OWNS ENTRY,2,17_07_Vulval_Problems__Genital_Warts_and_Herpes__Vulval_Carcinoma.md#Leukoplakia,
ENT and Ophthalmology,Middle ear neoplasm,ABSENT,0,weak-signal:neoplasm=14,
ENT and Ophthalmology,Neoplasm of external canal,ABSENT,0,weak-signal:Neoplasm=14,
ENT and Ophthalmology,Pleomorphic adenoma,IN A TAUGHT SECTION,3,13_07b_ENT_-_Salivary_Gland_Problems_and_Xerostomia.md#Salivary gland tumours,
ENT and Ophthalmology,Salivary gland neoplasm,ABSENT,0,weak-signal:Salivary=8,
ENT and Ophthalmology,Uveal melanoma,ABSENT,0,weak-signal:melanoma=43,
ENT and Ophthalmology,Warthin's tumour,MENTIONED,1,,
ENT and Ophthalmology,Otitis Media with Effusion,OWNS ENTRY,2,13_01_ENT_-_Otalgia__Otitis_Externa__Otitis_Media__Glue_Ear.md#Glue ear (otitis media with effusion / serous otitis media),
ENT and Ophthalmology,Postmeningitis hearing loss,ABSENT,0,,
ENT and Ophthalmology,Auricular pseudocyst,ABSENT,0,weak-signal:pseudocyst=2,
ENT and Ophthalmology,Corneal abrasion,OWNS ENTRY,5,05_Ophthalmology.md#Corneal Abrasion,
ENT and Ophthalmology,Dislocated lens,ABSENT,0,weak-signal:Dislocated=2,
ENT and Ophthalmology,Foreign body in ear,ABSENT,0,,
ENT and Ophthalmology,Globe rupture,IN A TAUGHT SECTION,2,05_Ophthalmology.md#Subconjunctival Haemorrhage,
ENT and Ophthalmology,Hyphema,MENTIONED,2,,
ENT and Ophthalmology,Hypoglobus,ABSENT,0,,
ENT and Ophthalmology,Intraocular foreign body,ABSENT,0,weak-signal:Intraocular=9,
ENT and Ophthalmology,Iridodialysis,ABSENT,0,,
ENT and Ophthalmology,Lens detachment (Ectopia lentis),ABSENT,0,weak-signal:detachment=34,
ENT and Ophthalmology,Noise-induced hearing loss,ABSENT,0,,
ENT and Ophthalmology,Ossicular discontinuity,ABSENT,0,,
ENT and Ophthalmology,Perilymph fistula,ABSENT,0,,
ENT and Ophthalmology,Recurrent erosions,ABSENT,0,weak-signal:Recurrent=158,
ENT and Ophthalmology,Retrobulbar hemorrhage,ABSENT,0,,
ENT and Ophthalmology,Sialocele,ABSENT,0,,
ENT and Ophthalmology,Superior Orbital Fissure Syndrome,IN A TAUGHT SECTION,1,05_Ophthalmology.md#Paralytic Squint,
ENT and Ophthalmology,Tympanic membrane perforation,IN A TAUGHT SECTION,2,13_01_ENT_-_Otalgia__Otitis_Externa__Otitis_Media__Glue_Ear.md#Chronic otitis media (COM),
ENT and Ophthalmology,Vocal cord nodules/polyps,OWNS ENTRY,20,13_04_ENT_-_Nose__Rhinosinusitis__Fractures__CSF_Rhinorrhoea__Epistaxis__Nasal_Cancers_.md#Rhinosinusitis with polyps,
ENT and Ophthalmology,Anterior ischemic optic neuropathy,OWNS ENTRY,4,05_Ophthalmology.md#Anterior Ischaemic Optic Neuropathy (AION),
ENT and Ophthalmology,Macular edema,IN A TAUGHT SECTION,3,05_Ophthalmology.md#Retinal Vein Occlusion,
ENT and Ophthalmology,Neovascular glaucoma,ABSENT,0,weak-signal:Neovascular=12,
ENT and Ophthalmology,Ocular ischemic syndrome,ABSENT,0,weak-signal:ischemic=66,
ENT and Ophthalmology,Posterior ischemic optic neuropathy,ABSENT,0,weak-signal:neuropathy=67,
ENT and Ophthalmology,Retinal artery/vein occlusion,OWNS ENTRY,8,05_Ophthalmology.md#Retinal Vein Occlusion,
ENT and Ophthalmology,Subconjunctival hemorrhage,OWNS ENTRY,5,05_Ophthalmology.md#Subconjunctival Haemorrhage,
ENT and Ophthalmology,Vitreous hemorrhage,OWNS ENTRY,6,05_Ophthalmology.md#Vitreous Haemorrhage,
ENT and Ophthalmology,Macular Hole,ABSENT,0,,
ENT and Ophthalmology,Papilledema,OWNS ENTRY,22,05_Ophthalmology.md#Papilloedema,
ENT and Ophthalmology,Squamous Cell Carcinoma (SCC) of the Head and Neck,OWNS ENTRY,15,09_03a_Dermatology_-_Non-Melanoma_Skin_Cancer.md#Squamous cell carcinoma (SCC),
ENT and Ophthalmology,Nasal Foreign Body,ABSENT,0,,
ENT and Ophthalmology,Amaurosis Fugax,IN A TAUGHT SECTION,6,01_Cardiovascular.md#0.38 Carotid Artery Stenosis,
ENT and Ophthalmology,Central Retinal Artery Occlusion (CRAO),MENTIONED,1,,
ENT and Ophthalmology,Epistaxis (Anterior vs. Posterior),OWNS ENTRY,13,13_04_ENT_-_Nose__Rhinosinusitis__Fractures__CSF_Rhinorrhoea__Epistaxis__Nasal_Cancers_.md#Epistaxis,
ENT and Ophthalmology,Hypertensive Retinopathy,OWNS ENTRY,8,05_Ophthalmology.md#Hypertensive Retinopathy,
Infectious Disease,Acanthamoeba,IN A TAUGHT SECTION,5,05_Ophthalmology.md#Keratitis,
Infectious Disease,Acquired Immunodeficiency Syndrome (AIDS),OWNS ENTRY,32,"11_09b_Ortho_-_Trauma.md#First aid — the intervention with the best evidence, and the one most often done wrong",
Infectious Disease,African sleeping sickness,ABSENT,0,weak-signal:sleeping=12,
Infectious Disease,Amebiasis,OWNS ENTRY,0,08_07_Infectious_Disease_-_Protozoan_Infections.md#Amoebiasis,
Infectious Disease,Amoebiasis,OWNS ENTRY,0,08_07_Infectious_Disease_-_Protozoan_Infections.md#Amoebiasis,
Infectious Disease,Amoebic liver abscess,IN A TAUGHT SECTION,2,08_07_Infectious_Disease_-_Protozoan_Infections.md#Amoebiasis,
Infectious Disease,Anthrax,OWNS ENTRY,3,08_01-03_Infectious_Disease_-_Bacterial_Infections.md#Anthrax,
Infectious Disease,Ascariasis,ABSENT,0,,
Infectious Disease,Aspergilloma,IN A TAUGHT SECTION,1,02_Respiratory.md#Pneumonia in immunocompromised patients,
Infectious Disease,Aspergillus,IN A TAUGHT SECTION,5,02_Respiratory.md#Pneumonia in immunocompromised patients,
Infectious Disease,Astrovirus,MENTIONED,2,,
Infectious Disease,Atypical mycobacteria,ABSENT,0,,
Infectious Disease,Bacteremia,IN A TAUGHT SECTION,32,01_Cardiovascular.md#0.30 Infective Endocarditis,
Infectious Disease,Bacterial Tracheitis,OWNS ENTRY,0,15_04a_Paeds_-_URTI_and_LRTI.md#Bacterial tracheitis,
Infectious Disease,Bacteriuria,MENTIONED,6,,
Infectious Disease,Bacteroides fragilis,ABSENT,0,weak-signal:Bacteroides=1,
Infectious Disease,Bacteroides infection,ABSENT,0,weak-signal:Bacteroides=1,
Infectious Disease,Bacteroides melaninogenicus infection,ABSENT,0,,
Infectious Disease,Bartonellosis,ABSENT,0,,
Infectious Disease,Blastomycosis,ABSENT,0,,
Infectious Disease,Botulism,OWNS ENTRY,7,08_01-03_Infectious_Disease_-_Bacterial_Infections.md#Botulism,
Infectious Disease,Brucellosis,MENTIONED,4,,
Infectious Disease,C. difficile Toxin Assay,ABSENT,0,weak-signal:difficile=14,
Infectious Disease,Campylobacter jejuni,IN A TAUGHT SECTION,2,04_Neurology.md#Guillain-Barré Syndrome (GBS),
Infectious Disease,Candida,OWNS ENTRY,10,09_06_Dermatology_-_Fungal_and_Viral_Skin_Infections.md#Candida (cutaneous candidiasis),
Infectious Disease,Candida albicans infection,IN A TAUGHT SECTION,1,10_03a_Haemonc_-_Primary_Immunodeficiencies.md#Chronic mucocutaneous candidiasis,
Infectious Disease,Candidiasis,OWNS ENTRY,10,09_06_Dermatology_-_Fungal_and_Viral_Skin_Infections.md#Candida (cutaneous candidiasis),
Infectious Disease,Cat Scratch Disease,OWNS ENTRY,3,08_01-03_Infectious_Disease_-_Bacterial_Infections.md#Cat scratch disease,
Infectious Disease,Cat scratch fever,ABSENT,0,,
Infectious Disease,Chagas disease,IN A TAUGHT SECTION,2,01_Cardiovascular.md#0.25 Dilated Cardiomyopathy,
Infectious Disease,Chancroid,OWNS ENTRY,1,08_08_Infectious_Disease_-_Genitourinary_Infections_and_STIs.md#Chancroid,
Infectious Disease,Chicken pox (Varicella),OWNS ENTRY,33,09_07_Dermatology_-_Chickenpox__Shingles__Pityriasis_Rosea__Hidradenitis_Suppurativa.md#Varicella zoster virus (VZV) / chickenpox,
Infectious Disease,Chikungunya,OWNS ENTRY,1,08_07_Infectious_Disease_-_Protozoan_Infections.md#Chikungunya virus,
Infectious Disease,Chlamydial conjunctivitis,IN A TAUGHT SECTION,1,05_Ophthalmology.md#Conjunctivitis,
Infectious Disease,Cholera,OWNS ENTRY,1,08_01-03_Infectious_Disease_-_Bacterial_Infections.md#Cholera,
Infectious Disease,Clostridioides difficile infection,ABSENT,0,weak-signal:Clostridioides=2,
Infectious Disease,Clostridium difficile associated disease (CDAD),ABSENT,0,weak-signal:Clostridium=8,
Infectious Disease,CMV,OWNS ENTRY,33,08_05-06_Infectious_Disease_-_Viral_Infections.md#Cytomegalovirus (CMV),
Infectious Disease,Coccidiomycosis,ABSENT,0,,
Infectious Disease,Common Cold,IN A TAUGHT SECTION,4,02_Respiratory.md#Acute Bronchitis,
Infectious Disease,Congenital rubella syndrome,IN A TAUGHT SECTION,3,08_05-06_Infectious_Disease_-_Viral_Infections.md#Rubella (German measles),
Infectious Disease,COVID-19,OWNS ENTRY,15,02_Respiratory.md#Viral pneumonia/pneumonitis (including COVID-19),
Infectious Disease,Cryptococcus,IN A TAUGHT SECTION,3,04_Neurology.md#Bacterial Meningitis,
Infectious Disease,Cryptosporidiosis,OWNS ENTRY,1,08_07_Infectious_Disease_-_Protozoan_Infections.md#Cryptosporidiosis,
Infectious Disease,Cyclospora,MENTIONED,1,,
Infectious Disease,Cyclosporiasis,ABSENT,0,,
Infectious Disease,Cysticercosis,MENTIONED,1,,
Infectious Disease,Cytomegalovirus,OWNS ENTRY,0,08_05-06_Infectious_Disease_-_Viral_Infections.md#Cytomegalovirus (CMV),
Infectious Disease,Dengue fever,OWNS ENTRY,3,08_05-06_Infectious_Disease_-_Viral_Infections.md#Dengue fever,
Infectious Disease,Diabetic Foot Infections,IN A TAUGHT SECTION,2,06_Metabolic_Medicine_and_Endocrinology.md#Diabetic Foot,
Infectious Disease,Diphtheria,OWNS ENTRY,19,08_01-03_Infectious_Disease_-_Bacterial_Infections.md#Diphtheria,
Infectious Disease,Disseminated Gonococcal Infection,IN A TAUGHT SECTION,3,08_08_Infectious_Disease_-_Genitourinary_Infections_and_STIs.md#Gonorrhoea,
Infectious Disease,Drug-resistant TB,ABSENT,0,weak-signal:resistant=31,
Infectious Disease,Ebola virus disease,ABSENT,0,,
Infectious Disease,Echinococcus multilocularis infection,ABSENT,0,,
Infectious Disease,Eikenella corrodens infection,ABSENT,0,weak-signal:Eikenella=2,
Infectious Disease,Elephantiasis,IN A TAUGHT SECTION,1,08_07_Infectious_Disease_-_Protozoan_Infections.md#Filariasis,
Infectious Disease,Entamoeba histolytica,IN A TAUGHT SECTION,4,08_07_Infectious_Disease_-_Protozoan_Infections.md#Amoebiasis,
Infectious Disease,Epstein-Barr Virus (EBV),OWNS ENTRY,25,08_05-06_Infectious_Disease_-_Viral_Infections.md#EBV-associated conditions,
Infectious Disease,Erythema Infectiosum,OWNS ENTRY,1,08_05-06_Infectious_Disease_-_Viral_Infections.md#Parvovirus B19 (erythema infectiosum / slapped cheek syndrome),
Infectious Disease,Escherichia coli,OWNS ENTRY,0,08_01-03_Infectious_Disease_-_Bacterial_Infections.md#Escherichia coli,
Infectious Disease,Escherichia coli O157:H7 infection,ABSENT,0,,
Infectious Disease,Filariasis,OWNS ENTRY,0,08_07_Infectious_Disease_-_Protozoan_Infections.md#Filariasis,
Infectious Disease,Generalized Tetanus,ABSENT,0,,
Infectious Disease,Giardiasis,OWNS ENTRY,1,08_07_Infectious_Disease_-_Protozoan_Infections.md#Giardiasis,
Infectious Disease,Gonococcal arthritis,MENTIONED,1,,
Infectious Disease,Gonococcal Urethritis,IN A TAUGHT SECTION,2,08_08_Infectious_Disease_-_Genitourinary_Infections_and_STIs.md#Mycoplasma genitalium,
Infectious Disease,Gonococcemia,ABSENT,0,,
Infectious Disease,Graft infection,ABSENT,0,,
Infectious Disease,Group A Streptococcus,ABSENT,0,weak-signal:Streptococcus=11,
Infectious Disease,Group A Streptococcus (GAS) infection,OWNS ENTRY,30,06_Metabolic_Medicine_and_Endocrinology.md#Arterial Blood Gas Reference Values,
Infectious Disease,Group B Streptococcus (GBS) infection,OWNS ENTRY,45,04_Neurology.md#Guillain-Barré Syndrome (GBS),
Infectious Disease,H. pylori infection,IN A TAUGHT SECTION,6,03_Gastrointestinal.md#Peptic Ulcer Disease,
Infectious Disease,Haemophilus influenzae b disease,ABSENT,0,weak-signal:Haemophilus=4,
Infectious Disease,Hand-Foot-and-Mouth Disease,OWNS ENTRY,2,"08_05-06_Infectious_Disease_-_Viral_Infections.md#Hand, foot and mouth disease (HFMD)",
Infectious Disease,Hansen's Disease,ABSENT,0,,
Infectious Disease,Hantavirus pulmonary syndrome,ABSENT,0,weak-signal:Hantavirus=1,
Infectious Disease,Hepatitis A,OWNS ENTRY,8,03_Gastrointestinal.md#Hepatitis A,
Infectious Disease,Hepatitis B,OWNS ENTRY,21,03_Gastrointestinal.md#Hepatitis B,
Infectious Disease,Hepatitis C,OWNS ENTRY,14,03_Gastrointestinal.md#Hepatitis C,
Infectious Disease,Hepatitis D,OWNS ENTRY,2,03_Gastrointestinal.md#Hepatitis D and E,
Infectious Disease,Hepatitis E,OWNS ENTRY,2,16_06-07_Ante-Perinatal_Infections.md#Hepatitis E in pregnancy,
Infectious Disease,Herpangina,ABSENT,0,,
Infectious Disease,Herpes infection,ABSENT,0,,
Infectious Disease,Herpes Simplex Virus,OWNS ENTRY,2,08_05-06_Infectious_Disease_-_Viral_Infections.md#Herpes simplex virus (HSV),
Infectious Disease,Herpes zoster,OWNS ENTRY,8,09_07_Dermatology_-_Chickenpox__Shingles__Pityriasis_Rosea__Hidradenitis_Suppurativa.md#Herpes zoster / shingles,
Infectious Disease,Herpes Zoster Virus,ABSENT,0,,
Infectious Disease,Herpetic Whitlow,ABSENT,0,weak-signal:Herpetic=6,
Infectious Disease,Histoplasmosis,MENTIONED,2,,
Infectious Disease,HIV/AIDS,OWNS ENTRY,34,"11_09b_Ortho_-_Trauma.md#First aid — the intervention with the best evidence, and the one most often done wrong",
Infectious Disease,Hookworm,IN A TAUGHT SECTION,3,08_07_Infectious_Disease_-_Protozoan_Infections.md#Cutaneous larva migrans,
Infectious Disease,HSV-1 / HSV-2 infection,IN A TAUGHT SECTION,5,04_Neurology.md#Encephalitis,
Infectious Disease,Human papillomavirus,ABSENT,0,,
Infectious Disease,Hydatid cyst,ABSENT,0,,
Infectious Disease,Hydatid disease,ABSENT,0,,
Infectious Disease,Infectious mononucleosis,OWNS ENTRY,4,08_05-06_Infectious_Disease_-_Viral_Infections.md#Infectious mononucleosis,
Infectious Disease,Influenza,OWNS ENTRY,52,08_01-03_Infectious_Disease_-_Bacterial_Infections.md#Haemophilus influenzae,
Infectious Disease,Japanese encephalitis,MENTIONED,1,,
Infectious Disease,Klebsiella infection,ABSENT,0,weak-signal:Klebsiella=7,
Infectious Disease,Lassa Fever,ABSENT,0,,
Infectious Disease,Legionellosis,MENTIONED,1,,
Infectious Disease,Leishmaniasis,OWNS ENTRY,4,08_07_Infectious_Disease_-_Protozoan_Infections.md#Leishmaniasis,
Infectious Disease,Leprosy,OWNS ENTRY,6,08_01-03_Infectious_Disease_-_Bacterial_Infections.md#Leprosy,
Infectious Disease,Listeria monocytogenes,MENTIONED,4,,
Infectious Disease,Listeriosis,MENTIONED,3,,
Infectious Disease,Loiasis,ABSENT,0,,
Infectious Disease,Lyme disease,OWNS ENTRY,8,08_01-03_Infectious_Disease_-_Bacterial_Infections.md#Lyme disease,
Infectious Disease,Lymphangitis,ABSENT,0,,
Infectious Disease,Malaria,OWNS ENTRY,36,08_07_Infectious_Disease_-_Protozoan_Infections.md#Malaria,
Infectious Disease,Marburg MS,ABSENT,0,,
Infectious Disease,Marburg virus disease,ABSENT,0,,
Infectious Disease,Measles,OWNS ENTRY,13,08_05-06_Infectious_Disease_-_Viral_Infections.md#Measles,
Infectious Disease,Meningococcal disease,IN A TAUGHT SECTION,5,04_Neurology.md#Bacterial Meningitis,
Infectious Disease,Meningococcemia,ABSENT,0,,
Infectious Disease,Middle East respiratory syndrome (MERS),ABSENT,0,weak-signal:respiratory=256,
Infectious Disease,Mononucleosis,OWNS ENTRY,6,08_05-06_Infectious_Disease_-_Viral_Infections.md#Infectious mononucleosis,
Infectious Disease,MRSA,OWNS ENTRY,14,08_01-03_Infectious_Disease_-_Bacterial_Infections.md#MRSA,
Infectious Disease,Mumps,OWNS ENTRY,12,08_05-06_Infectious_Disease_-_Viral_Infections.md#Mumps,
Infectious Disease,Mycobacterium,IN A TAUGHT SECTION,3,02_Respiratory.md#Tuberculosis,
Infectious Disease,Mycobacterium avium intracellulare,MENTIONED,1,,
Infectious Disease,Necrotizing Fasciitis,ABSENT,0,,
Infectious Disease,Neurosyphilis,IN A TAUGHT SECTION,9,04_Neurology.md#Vascular Dementia,
Infectious Disease,Nocardia,ABSENT,0,,
Infectious Disease,Non-Gonococcal Urethritis,IN A TAUGHT SECTION,2,08_08_Infectious_Disease_-_Genitourinary_Infections_and_STIs.md#Mycoplasma genitalium,
Infectious Disease,Norovirus,OWNS ENTRY,5,08_05-06_Infectious_Disease_-_Viral_Infections.md#Norovirus,
Infectious Disease,Onchocerciasis,OWNS ENTRY,0,05_Ophthalmology.md#Onchocerciasis (River Blindness),
Infectious Disease,Paratyphoid fever,ABSENT,0,weak-signal:Paratyphoid=3,
Infectious Disease,Parvovirus B19,OWNS ENTRY,6,08_05-06_Infectious_Disease_-_Viral_Infections.md#Parvovirus B19 (erythema infectiosum / slapped cheek syndrome),
Infectious Disease,Parvovirus B19 infection,IN A TAUGHT SECTION,1,10_05_Haemonc_-_Normocytic_Anaemia_and_Sickle_Cell_Disease.md#Hereditary spherocytosis,
Infectious Disease,Pasteurella multocida infection,ABSENT,0,weak-signal:Pasteurella=1,
Infectious Disease,Pelvic tuberculosis,ABSENT,0,weak-signal:tuberculosis=9,
Infectious Disease,Pertussis (whooping cough),OWNS ENTRY,19,15_04a_Paeds_-_URTI_and_LRTI.md#Whooping cough (pertussis),
Infectious Disease,Pinworms,OWNS ENTRY,0,08_09_Infectious_Disease_-_Miscellaneous.md#Threadworms (pinworms),
Infectious Disease,Plague,MENTIONED,1,,
Infectious Disease,Pneumococcal disease,IN A TAUGHT SECTION,4,04_Neurology.md#Bacterial Meningitis,
Infectious Disease,Pneumocystis carinii,ABSENT,0,weak-signal:Pneumocystis=6,
Infectious Disease,Poliomyelitis (Polio),IN A TAUGHT SECTION,10,04_Neurology.md#Viral Meningitis,
Infectious Disease,Proteus,IN A TAUGHT SECTION,3,07_Renal_Medicine_and_Urology.md#Urinary Tract Stones,
Infectious Disease,Proteus infection,IN A TAUGHT SECTION,1,07_Renal_Medicine_and_Urology.md#Urinary Tract Stones,
Infectious Disease,Pseudomonas aeruginosa infection,ABSENT,0,weak-signal:Pseudomonas=13,
Infectious Disease,Pseudomonas infection,ABSENT,0,weak-signal:Pseudomonas=13,
Infectious Disease,Psittacosis/Ornithosis,ABSENT,0,,
Infectious Disease,Q Fever,OWNS ENTRY,3,08_01-03_Infectious_Disease_-_Bacterial_Infections.md#Q fever,
Infectious Disease,Rabies,OWNS ENTRY,9,08_05-06_Infectious_Disease_-_Viral_Infections.md#Rabies,
Infectious Disease,Ramsay Hunt syndrome,IN A TAUGHT SECTION,5,04_Neurology.md#Bell's Palsy,
Infectious Disease,River blindness,OWNS ENTRY,1,05_Ophthalmology.md#Onchocerciasis (River Blindness),
Infectious Disease,Rocky Mountain Spotted Fever,ABSENT,0,weak-signal:Mountain=1,
Infectious Disease,Roseola,OWNS ENTRY,4,15_03a_Paeds_-_Childhood_Viral_Exanthems.md#Roseola infantum (exanthem subitum),
Infectious Disease,Rotavirus,MENTIONED,11,,
Infectious Disease,Rubella,OWNS ENTRY,18,08_05-06_Infectious_Disease_-_Viral_Infections.md#Rubella (German measles),
Infectious Disease,Salmonella,IN A TAUGHT SECTION,7,08_01-03_Infectious_Disease_-_Bacterial_Infections.md#Enteric fever (typhoid / paratyphoid),
Infectious Disease,Salmonella enteritidis,ABSENT,0,,
Infectious Disease,Salmonella typhi,IN A TAUGHT SECTION,1,08_01-03_Infectious_Disease_-_Bacterial_Infections.md#Enteric fever (typhoid / paratyphoid),
Infectious Disease,Salmonellosis,MENTIONED,1,,
Infectious Disease,Scarlet fever,OWNS ENTRY,3,08_01-03_Infectious_Disease_-_Bacterial_Infections.md#Scarlet fever,
Infectious Disease,Schistosomiasis,OWNS ENTRY,5,08_07_Infectious_Disease_-_Protozoan_Infections.md#Schistosomiasis,
Infectious Disease,Sepsis,OWNS ENTRY,158,08_09_Infectious_Disease_-_Miscellaneous.md#Post-splenectomy sepsis,
Infectious Disease,Septic Shock,IN A TAUGHT SECTION,9,01_Cardiovascular.md#0.20.3 Distributive shock,
Infectious Disease,Septic thrombophlebitis,ABSENT,0,weak-signal:thrombophlebitis=8,
Infectious Disease,Severe acute respiratory syndrome (SARS),OWNS ENTRY,1,08_05-06_Infectious_Disease_-_Viral_Infections.md#COVID-19 (SARS-CoV-2),
Infectious Disease,Severe Sepsis,IN A TAUGHT SECTION,6,02_Respiratory.md#Hospital-acquired pneumonia (HAP),
Infectious Disease,Sexually Transmitted Infections,ABSENT,0,weak-signal:Transmitted=17,
Infectious Disease,Shigella,IN A TAUGHT SECTION,4,12_02_Rheum_-_Ankylosing_Spondylitis__Gout__Pseudogout__Reactive_Arthritis__Fibromyalgia__PMR__CFS.md#Reactive arthritis,
Infectious Disease,Shigella dysenteriae,ABSENT,0,,
Infectious Disease,Shigellosis,MENTIONED,2,,
Infectious Disease,Skull base osteomyelitis,ABSENT,0,weak-signal:osteomyelitis=22,
Infectious Disease,Smallpox,IN A TAUGHT SECTION,5,08_05-06_Infectious_Disease_-_Viral_Infections.md#Mpox (formerly monkeypox),
Infectious Disease,Staphylococcal Scalded Skin Syndrome,ACRONYM MATCH ONLY,2,generated-initialism match only - not evidence of coverage,
Infectious Disease,Staphylococcal toxic shock syndrome,ABSENT,0,weak-signal:Staphylococcal=4,
Infectious Disease,Staphylococcus,IN A TAUGHT SECTION,2,09_05_Dermatology_-_Bacterial_Infections_and_Infestations.md#Impetigo,
Infectious Disease,Staphylococcus aureus,IN A TAUGHT SECTION,1,09_05_Dermatology_-_Bacterial_Infections_and_Infestations.md#Impetigo,
Infectious Disease,Staphylococcus aureus infection,ABSENT,0,weak-signal:Staphylococcus=2,
Infectious Disease,Strep Pharyngitis,IN A TAUGHT SECTION,4,01_Cardiovascular.md#0.22 Rheumatic Fever,
Infectious Disease,Streptococcus,OWNS ENTRY,11,08_01-03_Infectious_Disease_-_Bacterial_Infections.md#Streptococcus,
Infectious Disease,Streptococcus viridans infection,ABSENT,0,weak-signal:Streptococcus=11,
Infectious Disease,Strongyloidiasis,ABSENT,0,,
Infectious Disease,Subacute sclerosing panencephalitis,IN A TAUGHT SECTION,4,08_05-06_Infectious_Disease_-_Viral_Infections.md#Measles,
Infectious Disease,Subcutaneous Fungal Infections,ABSENT,0,weak-signal:Subcutaneous=25,
Infectious Disease,Superficial Fungal Infections,IN A TAUGHT SECTION,1,09_06_Dermatology_-_Fungal_and_Viral_Skin_Infections.md#Tinea / Dermatophyte infections,
Infectious Disease,Surgical infections,MENTIONED,1,,
Infectious Disease,Surgical site infection,MENTIONED,6,,
Infectious Disease,Syphilis,OWNS ENTRY,39,08_08_Infectious_Disease_-_Genitourinary_Infections_and_STIs.md#Syphilis,
Infectious Disease,Taeniasis,ABSENT,0,,
Infectious Disease,Tapeworm,ABSENT,0,,
Infectious Disease,Tertiary syphilis,ABSENT,0,weak-signal:Tertiary=11,
Infectious Disease,Tetanus,OWNS ENTRY,25,08_01-03_Infectious_Disease_-_Bacterial_Infections.md#Tetanus,
Infectious Disease,Tick Typhus,ABSENT,0,,
Infectious Disease,Toxic Shock Syndrome,OWNS ENTRY,2,08_01-03_Infectious_Disease_-_Bacterial_Infections.md#Toxic shock syndrome,
Infectious Disease,Toxocara,MENTIONED,1,,
Infectious Disease,Toxoplasma gondii infection,ABSENT,0,weak-signal:Toxoplasma=4,
Infectious Disease,Toxoplasmosis,OWNS ENTRY,14,04_Neurology.md#Toxoplasmosis,
Infectious Disease,Treponema pallidum,IN A TAUGHT SECTION,3,04_Neurology.md#Tabes Dorsalis,
Infectious Disease,Trichinosis,ABSENT,0,,
Infectious Disease,Trichomoniasis,ABSENT,0,,
Infectious Disease,Trypanosoma cruzi,ABSENT,0,weak-signal:Trypanosoma=3,
Infectious Disease,Tuberculosis (TB),OWNS ENTRY,9,02_Respiratory.md#Tuberculosis,
Infectious Disease,Tularemia,ABSENT,0,,
Infectious Disease,Tungiasis,ABSENT,0,,
Infectious Disease,Typhoid fever,ABSENT,0,,
Infectious Disease,Varicella-zoster,OWNS ENTRY,10,09_07_Dermatology_-_Chickenpox__Shingles__Pityriasis_Rosea__Hidradenitis_Suppurativa.md#Varicella zoster virus (VZV) / chickenpox,
Infectious Disease,Vibrio cholerae,IN A TAUGHT SECTION,3,08_01-03_Infectious_Disease_-_Bacterial_Infections.md#Cholera,
Infectious Disease,VRE,ABSENT,0,,
Infectious Disease,West Nile infection,ABSENT,0,,
Infectious Disease,West Nile Virus,OWNS ENTRY,0,08_07_Infectious_Disease_-_Protozoan_Infections.md#West Nile virus,
Infectious Disease,West Nile Virus illness,ABSENT,0,,
Infectious Disease,Whipworm,ABSENT,0,,
Infectious Disease,Yellow fever,OWNS ENTRY,6,08_05-06_Infectious_Disease_-_Viral_Infections.md#Yellow fever,
Infectious Disease,Yersinia infection,ABSENT,0,weak-signal:Yersinia=2,
Infectious Disease,Yersiniosis,ABSENT,0,,
Infectious Disease,Zika virus disease,ABSENT,0,,
Infectious Disease,Surgical Site Infection (SSI),MENTIONED,6,,
Infectious Disease,Vertebral Osteomyelitis,ABSENT,0,weak-signal:Osteomyelitis=22,
